rank,Video,Video views,Likes,Dislikes,Category,published
1,Lil Nas X - Old Town Road (Official Movie) ft. Billy Ray Cyrus,54071677.0,3497955.0,78799.0,Music,2019
2,"20 Tennis shots if they were not filmed, NOBODY would believe them",3471237.0,19023.0,859.0,Unknown,2017
3,JoJo Siwa - Karma (Official Video),34206747.0,293563.0,0.0,Music,2024
4,David Kushner - Daylight (Official Music Video),18558390.0,680732.0,0.0,Music,2023
5,Wiz Khalifa - See You Again ft. Charlie Puth [Official Video] Furious 7 Soundtrack,6547981039.0,44428537.0,0.0,Music,2015
6,JP Saxe - If the World Was Ending (Official Video) ft. Julia Michaels,76834495.0,804353.0,21195.0,Music,2019
7,JENNIE - ZEN (RUBY ALBUM MARCH 7),8306465.0,1261577.0,0.0,Music,2025
8,"Polo G, Stunna 4 Vegas & NLE Choppa feat. Mike WiLL Made-It - Go Stupid (Official Video)",7396199.0,320910.0,6485.0,Music,2020
9,"Yovie Widianto, Lyodra, Tiara Andini, Ziva Magnolya - Menyesal",13894905.0,452087.0,0.0,Music,2023
10,JD Pantoja - 12‚Ä¢19 (Official Video),7010732.0,1027392.0,34185.0,Music,2020
11,Power Star Pawan Kalyan Special Surprise To Sensational Singer Baby|Filmy Poster,96686.0,1007.0,82.0,Entertainment,2018
12,Rels B - LA LATINA (Videoclip Oficial),5851411.0,155543.0,3504.0,Music,2019
13,"Luck Ra, Nicki Nicole - DOCTOR",8286096.0,149421.0,0.0,Music,2024
14,"Colapesce, Dimartino - Musica leggerissima (Official Video - Sanremo 2021)",6953838.0,116350.0,2059.0,Music,2021
15,Polo G - Flex (Official Audio) ft. Juice WRLD,3845186.0,122706.0,1305.0,Music,2020
16,"Kevin AMF, Tiagz - Maradona (Tatara) (Video Oficial)",5756535.0,111266.0,0.0,Music,2024
17,LILHUDDY - America's Sweetheart (Official Music Video),3086667.0,346074.0,12082.0,Music,2021
18,MILLION DOLLAR BABY,11894076.0,226375.0,0.0,Music,2024
19,Every Moment With You (ÎÑàÏôÄÏùò Î™®Îì† ÏßÄÍ∏à),7958181.0,54903.0,0.0,Music,2024
20,Jay Wheeler - Te La Dedico / For You (Official Video),13764098.0,111497.0,0.0,Music,2023
21,KATSEYE - Touch (ft. YEONJUN of TOMORROW X TOGETHER),2279833.0,168798.0,0.0,Music,2024
22,"Ghetto Kids, Kenia OS, Malo - Toketeo (Video Oficial)",1677733.0,211037.0,7579.0,Music,2021
23,Polo G - Be Something (Official Audio) ft. Lil Baby,2692740.0,99982.0,2393.0,Music,2020
24,TEST Œ≥ŒπŒ±ŒΩŒ± Œ¥ŒµŒπœÇ Œ±ŒΩ Œ≠œáŒµŒπœÇ Œ∫Œ±ŒªŒ¨ ŒºŒ±œÑŒπŒ¨,699382.0,8436.0,1756.0,People & Blogs,2017
25,"GabyMusic,AnuelAA,LuarLa,Lunay,Bryant Myers - No Te Quieren Conmigo(Remix)",5461432.0,159823.0,0.0,Music,2024
26,Olivia Rodrigo - drivers license (Official Video),68224979.0,3810456.0,48539.0,Music,2021
27,Libianca - People (Visualiser) ft. Becky G,5353676.0,113198.0,0.0,Music,2023
28,Sofia Castro - Bien Por Ti (Official Video),3416695.0,204468.0,0.0,Music,2022
29,–í–∫–ª–∞–¥—á–∏–∫–∞–º –Æ–≥—Ä—ã –≤ –¶–µ–Ω—Ç—Ä–æ–±–∞–Ω–∫–µ –Ω–µ —Ä–∞–¥—ã,204782.0,5352.0,63.0,News & Politics,2017
30,Kodak Black - Hit Stick,2032486.0,87384.0,0.0,Music,2024
31,Jay Wheeler - Xexo (Official Video),5038848.0,93112.0,0.0,Music,2023
32,"6ix9ine - FEFE ft. Nicki Minaj, Murda Beatz",1090948051.0,9015394.0,0.0,People & Blogs,2018
33,Ice Spice - in ha mood (Official Video),3725161.0,160883.0,0.0,Music,2023
34,JD Pantoja - 12‚Ä¢19 (Trailer),2144710.0,317352.0,8155.0,Music,2020
35,PUN - DAY ONE,4669546.0,95387.0,0.0,Music,2024
36,Be√©le - Si Te Interesa (Official Video),1450005.0,94228.0,1067.0,Music,2021
37,[Dandadan] Creepy Nuts - „Ç™„Éà„Éé„Ç±(Otonoke)¬†(Official Music Video),13933735.0,441696.0,0.0,Music,2024
38,Mulatto - No Hook (Official Video),2138136.0,123687.0,1793.0,Music,2020
39,"Asake, Central Cee - Wave (Official Video)",10779032.0,287616.0,0.0,Music,2024
40,Aitch - Safe To Say,1330363.0,84759.0,1749.0,Music,2020
41,Destroy Lonely - Look Killa (Short Film) (Short Film),1194149.0,89811.0,0.0,Music,2023
42,Cat mom hugs baby kitten,59857489.0,347772.0,8212.0,Pets & Animals,2011
43,"Alex Ponce, BLANKO - La Sin Sentimientos (Official Video)",2443713.0,88475.0,0.0,Music,2024
44,Addison Rae - Aquamarine (Official Video),2641333.0,135303.0,0.0,Music,2024
45,ALYPH - SWIPE (ft. Dato Seri Vida) Official Music Video,4645815.0,93750.0,0.0,Music,2022
46,Natalie Jane - AVA (Lyric Video),1592225.0,59621.0,0.0,Music,2022
47,Á¥´¬†‰ªä¬†-¬†È≠îÊÄß„ÅÆÂ•≥A„ÄÄLyric¬†Video,1581463.0,61186.0,0.0,Music,2024
48,Bunny Girl,2126674.0,81236.0,0.0,Music,2024
49,Morray - Trenches (Official Music Video),1352140.0,58129.0,1051.0,Music,2021
50,Luke Hemmings - Starting Line (Official Video),635002.0,129469.0,179.0,Music,2021
51,"UMI, V - wherever u r (ft. V of BTS) official lyric video",4273176.0,521085.0,0.0,Music,2023
52,"Si, Si Eres Tu",10363316.0,337066.0,0.0,Music,2023
53,7liwa - Rwicha (Official Music Video),1662974.0,45556.0,0.0,Music,2024
54,Kim Petras & Nicki Minaj - Alone (Official Music Video),12935167.0,279649.0,0.0,Music,2023
55,Eden Mu√±oz - ¬øC√ìMO TE FUE SIN M√ç?,1847580.0,32324.0,0.0,Music,2024
56,"Camilo, Pedro Cap√≥ - Tutu (Official Video)",1520641.0,319573.0,2361.0,Music,2019
57,Trueno - REAL GANGSTA LOVE (Visualizer),3079234.0,109936.0,0.0,Music,2024
58,Rhapsody of Sadness,3409906.0,18968.0,0.0,Music,2023
59,Dani Ribba - Solo Una Vez (Official Video),473979.0,107663.0,263.0,Music,2021
60,Roger Federer / Bill Gates vs John Isner / Mike McCready - Match for Africa 4 Highlights,514694.0,2742.0,69.0,Sports,2017
61,"Pedro Cap√≥, Farruko - Calma (Remix - Official Video)",2964195014.0,13755637.0,0.0,Music,2018
62,Chica Atractiva,2638356.0,33875.0,0.0,Music,2025
63,SuperM - With You,730744.0,215534.0,379.0,Music,2020
64,"Eladio Carri√≥n - Quiz√°s, Tal Vez (Live Session) | Vevo ctrl",4196300.0,56077.0,0.0,Music,2023
65,Lil Kee - What You Sayin ft. Lil Baby,2716318.0,83058.0,0.0,Music,2022
66,Trueno - RAIN III (Visualizer),2157197.0,129977.0,0.0,Music,2024
67,Brock Lesnar serves breakfast in ESPN cafeteria prank | ESPN Archives,2472045.0,28842.0,1204.0,Sports,2017
68,Totti with a funny penalty,8353318.0,5613.0,1082.0,Sports,2007
69,"ROA, De La Rose, Luar La L, Yan Block, Omar Courtz - ETA RMX",9140994.0,179818.0,0.0,Music,2024
70,JoJo Siwa - Guilty Pleasure (Official Music Video),3870451.0,39264.0,0.0,Music,2024
71,"Rema, Shallipopi - BENIN BOYS",3795164.0,112684.0,0.0,Music,2024
72,Remember Me (Í∏∞ÏñµÌï¥Ï§òÏöî ÎÇ¥ Î™®Îì† ÎÇ†Í≥º Í∑∏ÎïåÎ•º),5272487.0,20088.0,0.0,Music,2024
73,–ú–æ–∂–Ω–æ —è —Å —Ç–æ–±–æ–π (can i come with you),2218610.0,92278.0,0.0,Music,2024
74,Isadora Pompeo - Ovelhinha (Ao Vivo),2934585.0,66830.0,0.0,Music,2024
75,Êñ∞ÊôÇ‰ª£ („Ç¶„Çø from ONE PIECE FILM RED),4321634.0,156105.0,0.0,Music,2022
76,Massimo Pericolo - Moneylove (Visual Video) ft. Emis Killa,3824053.0,36936.0,0.0,Music,2023
77,La nevedere,2960493.0,22343.0,0.0,Music,2022
78,CHAINSAW BLOOD / VaundyÔºöMUSIC VIDEO,5767744.0,98070.0,0.0,Music,2022
79,"ILLENIUM, Jon Bellion - Good Things Fall Apart (Lyric Video)",3474334.0,108128.0,1292.0,Music,2019
80,"Chencho Corleone, Peso Pluma - HUMO (Official Video)",8915202.0,199564.0,0.0,Music,2024
81,we were in love (2024) (... ÏÇ¨ÎûëÌñàÏûñÏïÑ... (2024)),3630534.0,22217.0,0.0,Music,2024
82,"Yovie Widianto, Ziva Magnolya - Menanti (Official Music Video)",3264026.0,58596.0,0.0,Music,2023
83,"Jay Wheeler, Anuel AA, Hades66 - Pacto (Remix) (Official Video) ft. Bryant Myers, Dei V",16651507.0,517095.0,0.0,Music,2023
84,Aslay feat. Harmonize - Follow Me (Official Music Video),1397658.0,44137.0,0.0,Music,2022
85,Eden Mu√±oz - todo me vale madre,1144941.0,30525.0,0.0,Music,2024
86,ROSONES,1143334.0,27036.0,0.0,Music,2024
87,Chl√∂e - Have Mercy (Official Video),1329956.0,192472.0,2173.0,Music,2021
88,Sofia Castro - Te Juro No Te Miento (Official Video),2581581.0,135813.0,0.0,Music,2024
89,Chema Rivas - LA ROJA (CANCI√ìN MUNDIAL) (Video Oficial),726826.0,39271.0,0.0,Music,2022
90,Lil Loaded ft. YG - ‚ÄúGang Unit Remix‚Äù (Official Video),1736200.0,127492.0,1363.0,Music,2020
91,Ice Spice & Nicki Minaj - Princess Diana (Official Music Video),45990411.0,1128880.0,0.0,Music,2023
92,"Jay Wheeler, Dei V, Hades66 - Pacto (Official Video) ft. Luar La L",20502045.0,180683.0,0.0,Music,2023
93,MAX - Blueberry Eyes (feat. SUGA of BTS) [Official Music Video],3266571.0,920096.0,5819.0,Music,2020
94,Teresa & Maria,11757639.0,160328.0,0.0,Music,2024
95,Fedez - Prima di ogni cosa (Official Video),4833788.0,202477.0,7131.0,Music,2018
96,"SEVDALIZA - ALIBI | Live From Vevo Studios ft. PABLLO VITTAR, YSEULT",5368532.0,223418.0,0.0,Music,2024
97,Luck Ra - ROBAME UN BESO (Official Video),1891707.0,41102.0,0.0,Music,2024
98,AIELLO - ORA (Official Video - Sanremo 2021),1132390.0,23083.0,887.0,Music,2021
99,JADE - Angel Of My Dreams (Official Video),5396154.0,214969.0,0.0,Music,2024
100,Sauti Sol - Lil Mama (Official Audio),1642529.0,27426.0,0.0,Music,2022
101,Static & Ben El - Bella,3305681.0,10461.0,626.0,Music,2021
102,"Sabe que os mlk √© drake, n√£o √© bigode n√£o",1415045.0,18770.0,0.0,Music,2024
103,Destroy Lonely - if looks could kill (Official Music Video),830566.0,58361.0,0.0,Music,2023
104,ÂÅΩÁâ©ÂÅΩÁâ©ÂÅΩÁâ©ÂÅΩÁâ©ÂÅΩÁâ©ÂÅΩÁâ©ÂÅΩÁâ©ÂÅΩÁâ©ÂÅΩÁâ©ÂÅΩÁâ©ÂÅΩÁâ©ÂÅΩÁâ©ÂÅΩÁâ©ÂÅΩÁâ©ÂÅΩÁâ©ÂÅΩÁâ©ÂÅΩÁâ©ÂÅΩÁâ©ÂÅΩÁâ©ÂÅΩÁâ©ÂÅΩÁâ©ÂÅΩÁâ©ÂÅΩÁâ©ÂÅΩÁâ©ÂÅΩÁâ©ÂÅΩÁâ©ÂÅΩÁâ©ÂÅΩÁâ©ÂÅΩÁâ©ÂÅΩÁâ©ÂÅΩÁâ©ÂÅΩÁâ©ÂÅΩÁâ©ÂÅΩÁâ©ÂÅΩÁâ©ÂÅΩÁâ©ÂÅΩÁâ©ÂÅΩÁâ©ÂÅΩÁâ©ÂÅΩÁâ©ÂÅΩÁâ©ÂÅΩÁâ©ÂÅΩÁâ©ÂÅΩÁâ©ÂÅΩÁâ©ÂÅΩÁâ©ÂÅΩÁâ©ÂÅΩÁâ©ÂÅΩÁâ©ÂÅΩÁâ©,685189.0,30320.0,0.0,Music,2024
105,Oxlade - KU LO SA (Official Video),6005457.0,134873.0,0.0,Music,2022
106,Rauw Alejandro - Touching The Sky (Official Video),3139901.0,109406.0,0.0,Music,2024
107,Ricchi E Poveri - Ma non tutta la vita (Official Video) | Sanremo 2024,6849596.0,59198.0,0.0,Music,2024
108,Trueno - PULL UP! (Official Video),1434999.0,86484.0,0.0,Music,2024
109,"Fasma, GG - Parlami (Official Video - Sanremo 2021)",757718.0,25704.0,243.0,Music,2021
110,"ILLENIUM, Jon Bellion - Good Things Fall Apart",10358663.0,169009.0,3138.0,Unknown,2019
111,Isadora Pompeo - Tetelestai (Ao Vivo) ft. Carol Tauber,1205733.0,34861.0,0.0,Music,2024
112,ARIETE - MARE DI GUAI (Official Video - Sanremo 2023),1130141.0,17689.0,0.0,Music,2023
113,Dennis Lloyd - Never Go Back (Official Video),720437.0,26772.0,274.0,Music,2019
114,Insta Vs Reality üò≤üòç #travel #unrealplaces #explore #nature,73165517.0,2967591.0,0.0,Travel & Events,2024
115,"Sir Nicholas Winton - BBC Programme ""That's Life"" aired in 1988",39407674.0,97009.0,747.0,Education,2009
116,Bird learns how life works,4916042.0,74420.0,703.0,Gaming,2015
117,Kid at Minecon 2016 asks what we all wish we could answer,1669272.0,23510.0,502.0,People & Blogs,2016
118,Cazzu - Miedo,2761300.0,289010.0,7719.0,Music,2020
119,"Gazo, Tiakola - CARTIER (Visualizer)",1366275.0,34494.0,0.0,Music,2023
120,UWAIE,8114376.0,122955.0,0.0,Music,2024
121,Trueno - REAL GANGSTA LOVE (Official Video),15985735.0,263086.0,0.0,Music,2024
122,Jim Carrey THE FUNNIEST video,8322488.0,6216.0,11521.0,Comedy,2007
123,Fedez - PRIMA DI OGNI COSA (Teaser),885149.0,29689.0,2992.0,Music,2018
124,"Lil Nas X, Cardi B - Rodeo (Official Audio)",1783881.0,254185.0,8177.0,Music,2019
125,Conan Gray - The Story,252272.0,72135.0,195.0,Music,2020
126,Doug Fernandez gives up,2002491.0,19461.0,185.0,People & Blogs,2017
127,Ysrael Barajas - GPI 2 (Video Oficial),983919.0,20719.0,0.0,Music,2024
128,"Gazo, Tiakola - NOTRE DAME (Visualizer)",1551825.0,27064.0,0.0,Music,2023
129,Traditional Malaysian blowpipe maker shows how he takes down his prey in the wild,3510345.0,32449.0,248.0,Film & Animation,2017
130,Aslay - Inauma (Official Music Video),1606569.0,34829.0,0.0,Music,2023
131,We asked you... What do you Chooze ?,1018713.0,2413.0,12.0,Autos & Vehicles,2017
132,Drawing the pillar of lifeü•∂üóø#trollface #trollfaceedit #troll,133062446.0,3173002.0,0.0,People & Blogs,2025
133,Gazo - 100K (Visualizer),1167599.0,32821.0,0.0,Music,2023
134,ALFA - Vai! (Official Video - Sanremo 2024),5192650.0,49065.0,0.0,Music,2024
135,Classy 101,11170714.0,157703.0,0.0,Music,2023
136,Tenacious D - Explosivo,2754518.0,10186.0,204.0,Entertainment,2006
137,"ROSAL√çA, J Balvin - Con Altura (Official Video) ft. El Guincho",2209874850.0,9768545.0,0.0,Music,2019
138,"J.P., NLE Choppa - Bad Bitty (Remix) [Official Music Video]",987265.0,46378.0,0.0,Music,2024
139,Tyla Yaweh - I Think I Luv Her (Lyric Video) ft. YG,2124429.0,19110.0,1256.0,Music,2019
140,PUN - BF (feat. URBOYTJ),1588998.0,39090.0,0.0,Music,2024
141,Old man is having fun under metallica,2566313.0,25274.0,399.0,Entertainment,2017
142,DIE 4 YOU,5766751.0,65566.0,0.0,Music,2023
143,Rocket Blast Off #messingaround #flying #fun #brothers #playing #hangtime,156690686.0,1868300.0,0.0,Sports,2024
144,ÎÑàÎùºÎäî Î≥Ñ,4406467.0,18295.0,0.0,Music,2024
145,Eladio Carri√≥n - Cuevita (Live Session) | Vevo ctrl,2246356.0,26765.0,0.0,Music,2023
146,Say My Name,1845505.0,18095.0,0.0,Music,2023
147,ETA (RMX),1036672.0,33644.0,0.0,Music,2024
148,Big Homiie G - Who Got It (Official Video) ft. Finesse2Tymes,865867.0,24156.0,0.0,Music,2022
149,"GloRilla, Cardi B - Tomorrow 2 (Official Music Video)",31909765.0,638566.0,0.0,Music,2022
150,"Asake, Travis Scott - Active (Official Video)",6232792.0,184120.0,0.0,Music,2024
151,Eden Mu√±oz - Traigo Saldo y Ganas de Rogar,1077182.0,18109.0,0.0,Music,2024
152,DAY - Na Sua M√£o,311930.0,35208.0,325.0,Music,2019
153,Laf 2.0,1068698.0,11495.0,0.0,Music,2024
154,So adorable! üíï #cute #animal #rocks #baby,105921315.0,1482485.0,0.0,Entertainment,2025
155,Grandma Dottie's Prom Dress Surprise,8414676.0,2442.0,103.0,People & Blogs,2012
156,–§–æ—Ä—Ç–µ—Ü—è –ë–∞—Ö–º—É—Ç,700921.0,20921.0,0.0,Music,2023
157,Not a mechanical baby,14612153.0,3339.0,156.0,Entertainment,2011
158,Prohibidox,7149556.0,109633.0,0.0,Music,2022
159,Mark Tuan - lonely (rock version) [Official Video],250551.0,47398.0,0.0,Music,2022
160,Shaboozey - A Bar Song (Tipsy) [Official Visualizer],4941173.0,121986.0,0.0,Music,2024
161,Nikita Kering' - On Yah (Intro),726705.0,32777.0,0.0,Music,2022
162,Coma_Cose - L'ADDIO (Official Video - Sanremo 2023),3672887.0,41513.0,0.0,Music,2023
163,Nanpa B√°sico - Cuando Vienes (Official Video),686747.0,24507.0,0.0,Music,2024
164,Doechii - DENIAL IS A RIVER (Official Video),9950373.0,770587.0,0.0,Music,2025
165,Destroy Lonely - how u feel? (Official Music Video),845139.0,46444.0,0.0,Music,2023
166,‚ÄéGood Night Good Dream (Ï¢ãÏùÄ Î∞§ Ï¢ãÏùÄ Íøà),1776477.0,9118.0,0.0,Music,2024
167,don't leave me (Í±∞ÏßìÎßêÏ≤òÎüº),1787169.0,13937.0,0.0,Music,2024
168,Bi Polar (SAYGI1),885313.0,12792.0,0.0,Music,2024
169,Im sorry?,3670491.0,30180.0,171.0,People & Blogs,2017
170,44 Magnum Las Vegas,2345415.0,7883.0,259.0,People & Blogs,2010
171,Parks and Rec Come back joke,2482309.0,20964.0,224.0,Comedy,2012
172,ECKO - ICE (Official Video),2229501.0,149653.0,10701.0,Music,2018
173,Marshmello x Jonas Brothers - Leave Before You Love Me (Official Music Video),344124.0,62256.0,559.0,Music,2021
174,David Beckham crazy pass (cross),17275250.0,32362.0,752.0,Sports,2008
175,–ú–æ–∂–Ω–æ —è —Å —Ç–æ–±–æ–π,1356781.0,37200.0,0.0,Music,2024
176,No_se_ve.mp3,3085869.0,45677.0,0.0,Music,2023
177,"Silverado 500,000 mile celebration",836184.0,11538.0,283.0,People & Blogs,2017
178,Morray - Can‚Äôt Use Me (Official Music Video),345086.0,26022.0,289.0,Music,2021
179,FMK - Parte de Mi (Official Video) ft. Lit Killah,303497.0,71457.0,517.0,Music,2019
180,Me And The Devil (SLOWED + ECO),1593787.0,18204.0,0.0,Music,2025
181,"Begun, the Duck War has",3586169.0,51443.0,300.0,Entertainment,2017
182,Meet Will,3121597.0,40432.0,313.0,Comedy,2018
183,–†–æ–º–∞–Ω –ö—É—Ä—Ü—ã–Ω —Ä–∞—Å—Å–∫–∞–∑—ã–≤–∞—é—Ç –≤—Å—é –ø—Ä–∞–≤–¥—É –æ —Ñ–∏–ª—å–º–µ ¬´–ö—Ä—ã–º¬ª,836941.0,23924.0,23364.0,People & Blogs,2017
184,Helena - Summer Body (Clip Officiel),921210.0,43854.0,0.0,Music,2024
185,Maximus by Kerbedanz - the biggest known tourbillon for wristwatch,1263651.0,10376.0,126.0,People & Blogs,2017
186,girl in red - Too Much (Official Video),268038.0,31023.0,0.0,Music,2024
187,Artifact new game announcement from Valve crowd reaction,1301165.0,17084.0,1900.0,Music,2017
188,Rels B - ORGULLO (Videoclip Oficial),340606.0,72349.0,815.0,Music,2019
189,Brenda Lee - Rockin' Around The Christmas Tree (Official Music Video),2605084.0,55604.0,0.0,Music,2023
190,Mephisto,832845.0,21237.0,0.0,Music,2023
191,¬°Que Te Pasa!,1668686.0,24060.0,0.0,Music,2024
192,Clumsy Dog,3432791.0,24140.0,254.0,Gaming,2017
193,A disabled duckling helps his cat friend üê• #DuckRescue #CuteAnimals #AnimalRescue,114441704.0,3749872.0,0.0,Entertainment,2024
194,tommy wiseau can't understand millennials,3320857.0,28326.0,198.0,Comedy,2017
195,"Tainy, J Balvin - Agua (Music From ""Sponge On The Run"" Movie/Official Lyrics)",1936929.0,186235.0,6564.0,Music,2020
196,Yo Vengo De La Nada,592930.0,13705.0,0.0,Music,2024
197,Tiryakinim,6332540.0,64248.0,0.0,Music,2024
198,El Connecto,3583270.0,41735.0,485.0,People & Blogs,2018
199,ORIGAMI ALL'ALBA - CLARA,2030824.0,26233.0,0.0,Music,2023
200,Fo fo fo fo fristajlo!,2894700.0,6108.0,152.0,Comedy,2007
201,"""Drake"" on the Tube...",2683856.0,7414.0,457.0,Comedy,2012
202,Minimum √ßa,680629.0,11809.0,0.0,Music,2024
203,Flying nut high five,7852043.0,62744.0,748.0,People & Blogs,2014
204,Tems - Crazy Tings (Official Video),2496817.0,91980.0,979.0,Music,2021
205,"Raisa, Ahmad Dhani - Biar Menjadi Kenangan (Official Lyric Video)",1891769.0,33390.0,0.0,Music,2023
206,Tiryakinim,8170818.0,45890.0,0.0,Music,2024
207,üòÇüòÇüòÇüòÇüòÇüòÇ I challenge you to a duel,33774303.0,2210308.0,0.0,Music,2024
208,Hitana,1614632.0,9651.0,0.0,Music,2023
209,My dad flew into town to surprise his parents.,888893.0,8190.0,113.0,People & Blogs,2016
210,DaBaby - ROCKSTAR (Live From The BET Awards/2020) ft. Roddy Ricch,1937851.0,212963.0,3907.0,Music,2020
211,Best Heavyweight Knockouts of All Time,5250458.0,5891.0,509.0,Sports,2007
212,Sobran Motivos,1574149.0,13731.0,0.0,Music,2024
213,Roblox Hack (NEW) - How to Get Free Robux - Robux Glitch (Get Free Items),546583.0,14662.0,454.0,Gaming,2017
214,Kep1er ÏºÄÌîåÎü¨ | 'I do! Do you?' M/V,6448957.0,284632.0,0.0,Music,2023
215,"Be√©le, Myke Towers, Feid - Barranquilla Bajo Cero (Official Video)",8254128.0,198513.0,0.0,Music,2022
216,Bƒ±raktƒ±ƒüƒ±n Gibi Burdayƒ±m,1291926.0,10366.0,0.0,Music,2024
217,My Diablo 3 Inferno Tactic,2362860.0,22368.0,787.0,Gaming,2012
218,Wedding first dance w/ surprise Jack Johnson Michael Jackson,16485606.0,15813.0,1360.0,Comedy,2007
219,"Chu,Tayousei.",739527.0,17094.0,0.0,Music,2022
220,Starcraft 2 Gameplay footage and unit preview,7529927.0,6075.0,772.0,Entertainment,2007
221,Massimo Pericolo - Non Parlarmi (Outro) (Official Video),586388.0,33599.0,0.0,Music,2023
222,Isadora Pompeo - Alian√ßa (Ao Vivo),1535732.0,30924.0,0.0,Music,2024
223,Raisa - Bertahan / Pergi,922070.0,30510.0,0.0,Music,2022
224,WYA REMIX BLACK AND YELLOW (feat. iZaak & Pirlo),4281153.0,119578.0,0.0,Music,2024
225,Dog reacts to return of Nathan after two year Mormon mission,6040429.0,5972.0,194.0,Pets & Animals,2015
226,"DacƒÉ n-ai bani (feat. Beach, Please!)",1015509.0,9689.0,0.0,Music,2022
227,Aslay - Mozzah (Official Music Video),513530.0,21071.0,0.0,Music,2022
228,Jagwar Twin - Bad Feeling (Oompa Loompa) (Visualizer),3050307.0,91826.0,0.0,Music,2023
229,14 de Febrero,3119940.0,328395.0,0.0,Music,2023
230,Panchlait - Teaser 2 | Prem Modi | Funtime Entertainment,885706.0,5835.0,217.0,Film & Animation,2017
231,Mila Kunis Tells Off A Reporter In Fluent Russian,3324459.0,23701.0,834.0,Entertainment,2012
232,When You play dodgeball with a Softball player. licensing@rumble.com,2134991.0,12128.0,299.0,Comedy,2017
233,Super platano brothers,1595388.0,14720.0,344.0,Comedy,2017
234,Amapola,952452.0,18255.0,0.0,Music,2024
235,Negramaro - Ricominciamo tutto (Sanremo 2024),1095011.0,14122.0,0.0,Music,2024
236,Brother just sent me this,622782.0,8883.0,348.0,Entertainment,2017
237,Chiara Oliver - 3 de febrero (video oficial),505626.0,35212.0,0.0,Music,2024
238,WII,1634684.0,8333.0,338.0,Entertainment,2006
239,These Little Moments ü•πü§ç #toddler #siblings #cute,69659013.0,1117902.0,0.0,Howto & Style,2024
240,Doechii - What It Is (Block Boy) feat. Kodak Black [Official Video],3851533.0,106085.0,0.0,Music,2023
241,two fake umps.MOV,1338441.0,3712.0,135.0,Sports,2010
242,Roblox Hack - Robux Hacks - Roblox Secret Exploit (Android/without jailbreak),414973.0,29256.0,341.0,Gaming,2017
243,The ABSOLUTE BEST Fabric Tile Design You Won't Believe,57223159.0,1014976.0,0.0,People & Blogs,2025
244,My Love,583139.0,10498.0,0.0,Music,2024
245,Trueno - PLO PLO! (Visualizer),354072.0,38418.0,0.0,Music,2024
246,Suzuki Hayabusa with Turbo Vmax 390kmh,20146924.0,11010.0,1095.0,Autos & Vehicles,2006
247,pevecov popek poje na sexy back,37460296.0,4533.0,10949.0,Comedy,2007
248,You can't even text and walk,1154376.0,10616.0,496.0,People & Blogs,2017
249,Anas feat. Soolking - Sur Pp (Clip officiel),8075765.0,127110.0,0.0,Music,2023
250,Lil Tjay - Hold On (Official Audio),316785.0,42854.0,211.0,Music,2019
251,How to surprise a horse,1625194.0,7357.0,352.0,Comedy,2016
252,Superman Disguise,1388327.0,6100.0,97.0,People & Blogs,2010
253,Player 456 And His Team Survive Another Game I Squid Game Edit I #shorts,43383619.0,1552099.0,0.0,Film & Animation,2025
254,J.I. - Everything [Official Music Video],389208.0,33622.0,219.0,Music,2021
255,burp helium (so funny),12552948.0,81470.0,2073.0,People & Blogs,2014
256,McDonald's drive thru,726293.0,9536.0,207.0,People & Blogs,2016
257,Mulatto - Muwop (Official Video) ft. Gucci Mane,1048126.0,64451.0,2519.0,Music,2020
258,Bryan Behr - De Todos Os Amores,684366.0,12586.0,35.0,Unknown,2020
259,"Aczino, Gera MX - Or√≠genes Vivos (Video Oficial)",1082313.0,81502.0,0.0,Music,2023
260,ƒ∞NTƒ∞HAR,869318.0,9477.0,0.0,Music,2024
261,camera shutter speed matches helicopter`s rotor,3682223.0,53493.0,581.0,People & Blogs,2017
262,Gavin Magnus - Hearts on a Pendant (Official Video),1170069.0,80768.0,2719.0,Music,2020
263,Los Presidentes,712072.0,8473.0,0.0,Music,2024
264,Headie One - Princess Cuts (Official Video) ft. Young T & Bugsey,429900.0,29311.0,225.0,Music,2020
265,‰∏â‰ª£ÁõÆ J SOUL BROTHERS from EXILE TRIBE / Rat-tat-tat (Music Video),1538191.0,57477.0,1246.0,People & Blogs,2020
266,Í≥†Îûò Dive Into You,852020.0,143052.0,276.0,Music,2021
267,"Andy Rivera, Totoy El Frio - No Es la Misma (Video Oficial)",298089.0,24333.0,277.0,Music,2021
268,Bƒ±raktƒ±ƒüƒ±n Gibi Burdayƒ±m,1889571.0,13340.0,0.0,Music,2024
269,VV - Neon Noir,447123.0,21012.0,0.0,Music,2023
270,"Ysrael Barajas, Miranda Le√≥n - Ropa de Bazar (Letra/Lyrics)",303440.0,16638.0,0.0,Music,2024
271,Silent Monks Singing Halleluia,21061223.0,50817.0,1336.0,Comedy,2008
272,"Oxlade, Camila Cabello - KU LO SA (Official Video)",4750630.0,141891.0,0.0,Music,2022
273,Seen,1212699.0,8362.0,0.0,Music,2023
274,EVLƒ∞ MUTLU CISTAK,1024855.0,5714.0,0.0,Music,2024
275,Maradonna Gods Hand,3777997.0,2300.0,854.0,Sports,2007
276,„Éá„Ç£„Ç¢‚ô°„Éû„Ç§„Éï„É¨„É≥„Éâ feat. „Å°„ÇÖ„Éº„Åü„ÇìÔºàCVÔºöÊó©Ë¶ãÊ≤ôÁπîÔºâÔºèHoneyWorks,1619449.0,56482.0,0.0,Music,2023
277,"Kevin AMF, Omar Landell - Blair (Video Oficial)",2762811.0,51542.0,0.0,Music,2024
278,Eden Mu√±oz - NTP,553461.0,14462.0,0.0,Music,2024
279,0 Sharpness knife test?üíÄ,113886130.0,4702361.0,0.0,People & Blogs,2024
280,Exchange gift with my girls ü´∂ü´Ç,49970474.0,1810818.0,0.0,People & Blogs,2025
281,–ï—Å–ª–∏ –º–µ–Ω—Ç....,10748286.0,7504.0,4116.0,Music,2010
282,Guy orders bong. Package arrives and its an Xbox remote.,1486888.0,20547.0,933.0,People & Blogs,2018
283,Tu Boda 2,1501104.0,41056.0,0.0,Music,2024
284,Naruto german opening,2082329.0,27628.0,1967.0,Entertainment,2007
285,Real Boston Richey - Help Me (Official Music Video),783263.0,17671.0,0.0,Music,2024
286,Alkpote - Patek (Clip officiel) ft. Kalash Criminel,271206.0,16776.0,322.0,Music,2019
287,The Big Fat Quiz Of The 90s   Mr Blobby,951835.0,7347.0,121.0,People & Blogs,2014
288,–•–æ–∫–∫–µ–π –≤ —Ñ—É—Ä–µ - –≤—ã–∑–æ–≤ –ø—Ä–∏–Ω—è—Ç!,1556347.0,2726.0,1433.0,Sports,2017
289,Ready? Ready.,1486824.0,4805.0,143.0,People & Blogs,2016
290,Dog meets baby kitten,5856946.0,2705.0,83.0,People & Blogs,2014
291,Party Boy Corey Worthington and his Famous Sunglasses,896419.0,7060.0,152.0,News & Politics,2008
292,Lil Nas X - Panini (Official Audio),699364.0,162807.0,4419.0,Music,2019
293,"Ben&Ben - Dear | Official Lyric Video | Recorded Live in Firdaus Studio, Dubai",790924.0,32192.0,0.0,Music,2022
294,HURTZ,1140569.0,23225.0,0.0,Music,2023
295,Tengo Un Plan (Remix),2381406.0,41572.0,0.0,Music,2024
296,–û–±–∏—Ä–∞—Ç–∏–º—É —Å–µ–±–µ,637180.0,18265.0,0.0,Music,2024
297,Garam Dan Madu,1051681.0,18600.0,0.0,Music,2024
298,EDWIN SARKISSIAN BLOWS STUFF UP (REAL OR FAKE?COMMENT BELOW!)                #shorts #funny #comedy,27460495.0,1785958.0,0.0,Gaming,2024
299,"Olly, Angelina Mango, JVLI - Per due come noi (Official Video)",3822060.0,38443.0,0.0,Music,2024
300,ƒ∞htimallerde Yoksan,2028211.0,10812.0,0.0,Music,2024
301,c`e solo l inter... a farci ridere,2136208.0,3379.0,1966.0,Sports,2007
302,"Jeopardy ""Who Is The Spiciest Memelord"" ORIGINAL",1434589.0,25484.0,432.0,People & Blogs,2017
303,–¢–∞–Ω–∫ –ê—Ä–º–∞—Ç–∞,3954302.0,4636.0,1033.0,Unknown,2015
304,"Pop Smoke - For The Night (Audio) ft. Lil Baby, DaBaby",2031584.0,129397.0,1329.0,Music,2020
305,"42 Dugg, Roddy Ricch - 4 Da Gang (Official Music Video)",466902.0,31895.0,658.0,Music,2021
306,Zooming in the 90s fixed,3490548.0,59814.0,296.0,People & Blogs,2018
307,German Shepherd scared of Stuffed Toy Tiger. Very Funny! (ORIGINAL VIDEO & VERSION)),5352751.0,6997.0,171.0,People & Blogs,2015
308,"This is a dollar, not a card",1144211.0,6389.0,132.0,People & Blogs,2017
309,Ayra Starr - Rush,17367547.0,272550.0,0.0,People & Blogs,2022
310,–°–µ–ª—Ñ—Ö–∞—Ä–º,3382541.0,114279.0,0.0,Music,2024
311,Tyla Yaweh - Stuntin' On You (Official Music Video) ft. DaBaby,2284537.0,86991.0,1164.0,Music,2020
312,Isadora Pompeo - Azeite (Ao Vivo),741351.0,18469.0,0.0,Music,2024
313,SHARK ATTACK - Don't touch the glass !!,2058082.0,7435.0,1067.0,People & Blogs,2014
314,Orangutan loves baby bump,5989058.0,4282.0,282.0,Music,2016
315,Happy Birthday Cody,734558.0,7194.0,191.0,Entertainment,2011
316,Arjan Vailly,5460189.0,64375.0,0.0,Music,2023
317,Struggling with a new Phone,1451235.0,16223.0,634.0,Entertainment,2017
318,Darell - Lollipop (Official Video),47154379.0,381348.0,0.0,Music,2023
319,A Needed Response,11622727.0,39804.0,1872.0,Unknown,2013
320,Police take advantage of a Drunk Girl,36311875.0,24016.0,4340.0,News & Politics,2008
321,Halle - In Your Hands (Official Video),3395853.0,257865.0,0.0,Music,2024
322,Shopping at Walmart GONE WRONG,21204579.0,2190931.0,0.0,People & Blogs,2024
323,perfekte welle,2337888.0,4430.0,174.0,Unknown,2005
324,–í–∏–≥–∞–¥–∞–≤,540094.0,10695.0,0.0,Music,2024
325,Geraldine Loves Star Wars,4291444.0,86656.0,984.0,Entertainment,2016
326,2017 04 12 Przejscie,1098005.0,7520.0,422.0,People & Blogs,2017
327,"Jay Wheeler, Mora - Textos Fr√≠os (Video Oficial)",13418225.0,213474.0,0.0,Music,2024
328,–ò–¥–µ—è  —Ñ–æ—Ç–æ—Å–µ—Å—Å–∏–∏ –¥–ª—è –Ω–æ–≤–æ—Ä–æ–∂–¥—ë–Ω–Ω–æ–≥–æ,53051362.0,1156874.0,0.0,People & Blogs,2024
329,Imagine,1852377.0,42090.0,0.0,Music,2024
330,Maddie Waiting for the Beat to Drop,9868674.0,68446.0,2692.0,People & Blogs,2017
331,Rels B - SI NO TE VEO (Audio),398259.0,46530.0,291.0,Music,2019
332,Bl√ºmchen (Blossom) - Herz an Herz,2257460.0,3800.0,199.0,Music,2006
333,Ice Spice - Deli,23262740.0,512173.0,0.0,Music,2023
334,Amazing talent in painting,66925468.0,1437116.0,0.0,People & Blogs,2024
335,–º–æ–∂–Ω–æ,368754.0,13587.0,0.0,Music,2024
336,Malty 2BZ - Black Side (Clip Officiel),288010.0,13130.0,0.0,People & Blogs,2022
337,Finally united again! Shot on ‚Äã‚Å†@insta360 X4 pilot below ‚Äã‚Å†@egorposokhin9187 #nike #justdoit,43054306.0,1001515.0,0.0,Sports,2024
338,"Dani Ribba, Tiago PZK - Cuando Me Ves (Official Video)",996589.0,171095.0,773.0,Music,2021
339,Girl In Car Flashes Her Bra & Then Crashes Into A Truck!,9884005.0,7891.0,2334.0,People & Blogs,2009
340,#enchantedkingdom #wackywizard #winner #philippines,54645951.0,2849748.0,0.0,Entertainment,2024
341,WTC in a perfect world,3476635.0,5982.0,2129.0,Film & Animation,2007
342,–ü—Ç–∏—Ü –∑–∞—Å–∞—Å—ã–≤–∞–µ—Ç –≤–º–µ—Å—Ç–µ —Å –∑–µ—Ä–Ω–æ–º –Ω–∞ —Ö–ª–µ–±–æ–∑–∞–≤–æ–¥–µ,3120409.0,21206.0,2663.0,People & Blogs,2016
343,westerland,5289591.0,8542.0,269.0,Unknown,2006
344,Funny Foul Shot Blooper,2540079.0,3507.0,93.0,Sports,2011
345,Cupid (Twin Ver.),13169224.0,255470.0,0.0,Music,2023
346,Nuovaluce Beauty Acne Device Kickstarter Video FDA Cleared www.nuovalucebeauty.com,498941.0,4783.0,182.0,People & Blogs,2017
347,"Darell - ""Caliente"" Live Performance | Vevo",240125.0,15630.0,143.0,Music,2019
348,Apple Engineer Talks About New 2016 Macbook Pro,2501055.0,36876.0,729.0,Science & Technology,2016
349,When your Amish town is frozen,512991.0,4645.0,135.0,People & Blogs,2018
350,Phoenix - Lisztomania - Boston University Brat Pack Mashup,3824693.0,15236.0,858.0,Unknown,2010
351,Parks and Recreation called it back in 2015. Cubs World Series 2016!,205257.0,1557.0,113.0,Travel & Events,2016
352,Dog scared by fart,5938416.0,3883.0,129.0,Comedy,2015
353,OfficialÈ´≠Áî∑dism - Subtitle [Official Video],22449034.0,240778.0,0.0,Music,2022
354,#Despacito with snoring - Despacito con ronquidos,2812994.0,18051.0,762.0,People & Blogs,2017
355,XQ Te Pones As√≠,3603275.0,73533.0,0.0,Music,2022
356,Squid Game - Round and Round Mingle (Marimba Ringtone),2926254.0,49820.0,0.0,Music,2024
357,Bro turned his pet bird into a boomerang #funny #shortsfeed #fyp„Ç∑„Çö #foryoushorts #foryoupage„Ç∑,25212564.0,1555534.0,0.0,People & Blogs,2024
358,Rema - HEHEHE (Official Music Video),2185009.0,47843.0,0.0,Music,2024
359,Skylar Blatt - Wake Up (Official Video) ft. Chris Brown,1294645.0,71774.0,0.0,Music,2024
360,Into You (ÎÑ§Í∞Ä ÎÇ¥ ÎßàÏùåÏóê ÏûêÎ¶¨ Ïû°ÏïòÎã§ (Into You)),2594431.0,22542.0,0.0,Music,2024
361,Amigos y Enemigos Almighty,1099456.0,8224.0,0.0,Music,2024
362,Funniest Arrest Ever ü§£ü§£,27078354.0,1754973.0,0.0,People & Blogs,2024
363,Lee Sin's great escape [Fixed!],1610253.0,9278.0,152.0,Gaming,2012
364,Could you do it faster?,112237591.0,3470844.0,0.0,Sports,2024
365,"Rels B, Morad - NO TE IMAGINAS",2930422.0,124350.0,2668.0,Unknown,2020
366,Let‚Äôs make more room! #fivestarchevrolet #electricvehicle #electrictruck #silveradoev #electriccar,63920647.0,2301216.0,0.0,People & Blogs,2024
367,iDubbbzTV Ganks His Streamer Girlfriend,2640646.0,44917.0,1219.0,People & Blogs,2017
368,Í∑∏ÎûòÏÑú Í∑∏ÎåÄÎäî,1830212.0,7770.0,0.0,Music,2024
369,Sarunas Jasikevicius talks about kids,1935028.0,19991.0,266.0,Sports,2017
370,Part 1 #sultan love ‚ù§Ô∏è,32679182.0,1455316.0,0.0,People & Blogs,2023
371,Whitetail Yearling Hung Up In Fence!!! #deer #fence,77810117.0,1343960.0,0.0,People & Blogs,2023
372,#joerogan #jre #cooking #steak,1709040.0,64601.0,0.0,Unknown,2023
373,Guasto D'Amore,872248.0,18162.0,0.0,Music,2023
374,–ö–æ–≥–¥–∞ —Ç–≤–æ–π —Ö—É–¥—à–∏–π –≤—Ä–∞–≥ - —ç—Ç–æ –∫–æ–≤–µ—Ä,2051016.0,18663.0,1807.0,People & Blogs,2017
375,"Darell, Brytiago - Velitas (Official Video)",283361.0,50452.0,371.0,Music,2019
376,Lloyiso - What I Would Say (Audio),567552.0,21821.0,0.0,Music,2022
377,PUNTO G,1263909.0,19125.0,0.0,Music,2023
378,Don't put accelerants on bonfires,831666.0,8625.0,449.0,People & Blogs,2017
379,Of Monsters And Men - Love Love Love,3474904.0,16311.0,170.0,Music,2010
380,"Moncho Chavea, Oscar El Ruso, Samueliyo Baby, Samuel G - PAM PAM",1590709.0,13425.0,0.0,Music,2024
381,Obsessed,665288.0,16489.0,0.0,Music,2024
382,"Jhay Cortez, J. Balvin, Bad Bunny - No Me Conoce (Remix)",2356628623.0,6622023.0,0.0,Music,2019
383,HOW TO GET IT - HYPNOTIQ FT. LIL WAYNE (PRODUCED BY SOUNDMASTER T),3040398.0,8936.0,17.0,Music,2016
384,Tom Cruise Scientology Video - ( Original UNCUT ),14240339.0,91156.0,18041.0,Entertainment,2008
385,RickRoll'D,78178105.0,318037.0,44953.0,Music,2007
386,Did TRUMP quote Bane from Batman?,1515396.0,23125.0,2080.0,Sports,2017
387,"Gerald Daugherty Campaign: ""Please Re-Elect Gerald...Please!""",3923892.0,6783.0,103.0,People & Blogs,2016
388,La ce te g√¢nde»ôti,875147.0,11957.0,0.0,Music,2023
389,SuperM - One (Monster & Infinity) (Live From The Ellen DeGeneres Show / 2020),515423.0,138534.0,459.0,Music,2020
390,Rally driver's killer reflexes,7261710.0,15509.0,685.0,Sports,2011
391,"Spinal Tap - ""These go to eleven....""",1880022.0,10651.0,160.0,Comedy,2011
392,If you watch this 100 times you'll still laugh !,45597951.0,97649.0,27835.0,Comedy,2008
393,Nice Fight - Cops vs Drug Dealer,17166129.0,12980.0,3713.0,Entertainment,2008
394,Leopard tank`s powerful brake  #trending #brake  #edit #tank #panzar #viralvideo #shorts,24984219.0,1209144.0,0.0,Autos & Vehicles,2025
395,How to Survive Hurricane Irma,1463561.0,42458.0,240.0,Pets & Animals,2017
396,The Grooms daughter leave him a message before her and her mummy walk down the aisle!,32084269.0,1966045.0,0.0,People & Blogs,2025
397,Otonoke,4056060.0,141806.0,0.0,Music,2024
398,Buffet,2751775.0,5401.0,342.0,Comedy,2016
399,Fresh Prince - If we so rich....,3974115.0,67527.0,617.0,Comedy,2010
400,–ö–ò–ï–í–°–¢–û–£–ù–ï–† –° –î–ï–í–û–ß–ö–ê–ú–ò –ù–ê –û–°–¢–†–û–í–ï!!!,1071363.0,10487.0,1446.0,People & Blogs,2018
401,Top 20. Soundtracks Of All Times!,3590248.0,2836.0,2542.0,Music,2007
402,#movie #paddington #shorts The food has improved!,21849049.0,1660511.0,0.0,People & Blogs,2024
403,Tom Holland performs Rihanna's Umbrella,387821.0,6496.0,100.0,Comedy,2017
404,Ben Kalbimin Orta Yerine Seni Yazdƒ±m,765423.0,4561.0,0.0,Music,2024
405,–í—Ä–∞—Ç–∞—Ä—å ¬´–¢—Ä–∞–∫—Ç–æ—Ä–∞¬ª —Å—Ç–∞–Ω—Ü–µ–≤–∞–ª –Ω–∞ –º–∞—Ç—á–µ –≤ –ø–æ–¥–¥–µ—Ä–∂–∫—É –ß–µ–º–ø–∏–æ–Ω–∞—Ç–∞ –†–æ—Å—Å–∏–∏ –ø–æ –§–∏–≥—É—Ä–Ω–æ–º—É –ö–∞—Ç–∞–Ω–∏—é,1071135.0,19613.0,634.0,People & Blogs,2016
406,ARTH 2 Theatrical Trailer | Arth The Destination Official Trailer 2017,1342169.0,8347.0,14.0,Entertainment,2017
407,Fox News idiocy.,1227176.0,5383.0,457.0,News & Politics,2017
408,Customer Fail!,4525935.0,8052.0,2288.0,People & Blogs,2016
409,This is what sauna sessions are ACTUALLY like. #workout #funny #comedy #training #fitness #sauna,21305425.0,1333855.0,0.0,Sports,2024
410,Ministry of Silly Walks,9558072.0,39783.0,1251.0,Comedy,2006
411,Girl blown by a plane,12255456.0,7725.0,745.0,Travel & Events,2012
412,Man kicks dog see how karma takes over,1352770.0,19291.0,2041.0,Pets & Animals,2017
413,"Pop Smoke - The Woo (Audio) ft. 50 Cent, Roddy Ricch",1614596.0,107447.0,878.0,Music,2020
414,"I carved the goddess Tomie into a small seal, I wonder if Junji Ito would like it #seal carving #han",37171532.0,2371909.0,0.0,People & Blogs,2024
415,He Passed! üòÇüòÇ #hub #goodkid #drums,21064755.0,1671791.0,0.0,People & Blogs,2024
416,porch hands,788325.0,1899.0,82.0,Film & Animation,2016
417,Polar bear petting dog,8058364.0,24707.0,1821.0,Entertainment,2016
418,Cats Welcoming Home Soldiers (parody video),2126930.0,1984.0,259.0,Comedy,2014
419,Headie One - Parlez-Vous Anglais (Official Video) ft. Aitch,321442.0,22017.0,287.0,Music,2020
420,I was in a wedding and smashed my face,1596447.0,6001.0,176.0,People & Blogs,2017
421,The emergency rescue dog is so awesome...cutepet,144116053.0,1759120.0,0.0,People & Blogs,2024
422,UFO-Doctor Doctor,1142679.0,4305.0,55.0,Music,2008
423,UP (KARINA Solo),22356411.0,285608.0,0.0,Music,2024
424,Dave Chappelle on Martin Lawrence and Hollywood Culture,1135513.0,6993.0,85.0,People & Blogs,2014
425,How to escape the cops,2758615.0,41548.0,420.0,Autos & Vehicles,2017
426,Ovechkin fight vs Columbus,908626.0,4112.0,376.0,Entertainment,2017
427,"Yes or No (Feat. ÌóàÏú§ÏßÑ of LE SSERAFIM, Crush) (Yes or No (Feat. ÌóàÏú§ÏßÑ of LE SSERAFIM,...",10642441.0,69340.0,0.0,Music,2024
428,How to Prevent Your Little One's Little Shenanigans üòÇüë∂,54076224.0,951512.0,0.0,Howto & Style,2025
429,Fat Bike caught on an Electric Fence!,3580228.0,13803.0,406.0,People & Blogs,2017
430,ProtoType gameplay,3128367.0,4724.0,605.0,Entertainment,2008
431,"Bandokay, LD - Too Many Lies (Official Video)",617358.0,25126.0,0.0,People & Blogs,2022
432,George Michael's Unfailing Internal Clock,2171746.0,46483.0,1237.0,Entertainment,2013
433,"Familiada - Imiƒô mƒôskie na literƒô O. (Oliwier, Oliwia)",969271.0,4668.0,204.0,People & Blogs,2017
434,–≤–Ω–µ–∑–∞–ø–Ω–æ,962437.0,2280.0,257.0,People & Blogs,2017
435,Playa Del Ingl√©s,600424.0,25977.0,0.0,Music,2022
436,Medy feat. Capo Plaza - Arai (Visualizer),1375195.0,25007.0,0.0,Music,2023
437,Encuentra POP Queso Cheddar.,21786732.0,7102.0,0.0,Unknown,2023
438,Good old days,1249801.0,10317.0,145.0,Gaming,2016
439,"Isabela Merced, Danna Paola - Don't Go (Official Music Video)",646472.0,73160.0,1189.0,Music,2020
440,Chroma Key test,7527125.0,41698.0,1547.0,Entertainment,2010
441,–ö–†–´–ú (–¢—Ä–µ–π–ª–µ—Ä –¥–ª—è –£–∫—Ä–∞–∏–Ω—ã),698153.0,10504.0,13998.0,People & Blogs,2017
442,Real Gunfighter Lance Thomas on Justic Files,1063456.0,6840.0,0.0,News & Politics,2009
443,Tak Ingin Usai,814482.0,6594.0,0.0,Music,2023
444,Rainbow Ï±ÖÍ∞àÌîº,653111.0,99003.0,174.0,Music,2021
445,2024Âπ¥5Êúà18Êó•,40866372.0,663059.0,0.0,People & Blogs,2024
446,Out of Context Joffrey Baratheon,950307.0,24429.0,358.0,Gaming,2015
447,I can feel it down in my plums....,1576942.0,4498.0,153.0,Comedy,2009
448,Big Fish - trailer,2126010.0,3046.0,119.0,Entertainment,2006
449,–º–µ—Ç–µ–æ—Ä–∏—Ç –•–∞–∫–∞—Å–∏—è 06 12 2016,1344770.0,8338.0,351.0,Autos & Vehicles,2016
450,Goat baby died.. üêê #wildlife #halloween #funny #comedy #cutebaby #birds #baby,44519481.0,917226.0,0.0,Autos & Vehicles,2023
451,"Flau'jae, Lil Wayne - Came Out A Beast (Official Music Video)",1677409.0,48173.0,0.0,Music,2024
452,Music Marketing & Promotion. Dominate Digital Mediums  [LaxPromotion.com],139374.0,8370.0,16.0,Film & Animation,2016
453,Hard For Me,409483.0,10531.0,82.0,Music,2020
454,Raisa - Nyaman Tak Cukup (Official Music Video),776133.0,24819.0,0.0,Music,2023
455,–ì–∏–º–Ω –£–∫—Ä–∞–∏–Ω—ã –ö—Ä—ã–º –Ø–ª—Ç–∞ 2K17,168698.0,1963.0,240.0,Nonprofits & Activism,2017
456,Best pirate I've ever seen,3531465.0,52196.0,407.0,Gaming,2018
457,Dog loves ticklish fringe,943385.0,8064.0,248.0,People & Blogs,2016
458,"Tommy Wiseau in The Room vs. James Franco in The Disaster Artist (""I did not hit her "" scene)",835947.0,7495.0,232.0,Film & Animation,2017
459,Oƒüuzhan Uƒüur Sunucunun Tezini √á√ºr√ºt√ºyor,1176753.0,16561.0,608.0,People & Blogs,2018
460,CNN (CLINTON NEWS NETWORK) TELLS VOTERS WHAT TO SAY,1179095.0,10499.0,575.0,People & Blogs,2016
461,buziak od pierwszego zatrzymania ;),1206080.0,11844.0,373.0,Sports,2018
462,Squid Game Challenge: Lee Jung-jae Edition! #squidgame #netflix #squidgame2 #leejungjae #shorts,25932476.0,952835.0,0.0,Entertainment,2025
463,√Ñlg i vak,2104408.0,8941.0,147.0,Pets & Animals,2017
464,Kingdom Hearts: Birth By Sleep (PSP) trailer [High Quality],4245757.0,14725.0,346.0,Entertainment,2007
465,"Alphabet lore,Colors #mixingcolors #alphabet #alphabetlore #24magicalcolors",76116304.0,915850.0,0.0,People & Blogs,2024
466,Blind Guardian - The Bard's Song,4160648.0,28826.0,257.0,Music,2006
467,–û—Ö–æ—Ç–Ω–∏—á–∏–π –∫–æ—Ç,670799.0,5378.0,3901.0,People & Blogs,2016
468,romeo n juliet (feat. youra),994313.0,15294.0,0.0,Music,2024
469,FINNEAS - Love is Pain (Official Music Video),291407.0,30204.0,106.0,Music,2021
470,–ú—ã –µ–¥–µ–º –≤ –∞–¥—É,942738.0,14706.0,1799.0,People & Blogs,2017
471,EPIC Drum Solo FAIL!,3865978.0,22231.0,900.0,Comedy,2011
472,42 Dugg - Maybach feat. Future (Official Music Video),1471860.0,64274.0,1040.0,Music,2021
473,3 steps to make a sandwich cookie #squishy #diycrafts #handmade #statisfying #cookies #fyp #foodie,66159027.0,911352.0,0.0,People & Blogs,2024
474,Dad faces some demons,1392971.0,12985.0,523.0,People & Blogs,2017
475,Kid singing Britney Spears scared to death by his mom,11940134.0,39480.0,2324.0,Comedy,2007
476,–ë—Ä—è–Ω—Å–∫ –ì–ò–ë–î–î VS –ê–¥–º–∏–Ω–∏—Å—Ç—Ä–∞—Ü–∏—è,1098298.0,15008.0,251.0,Nonprofits & Activism,2012
477,These cars did NOT want to stop üòÇ #funny #shorts #shortsfeed #protest #funnyshorts #fails #cars,45224482.0,1740579.0,0.0,Autos & Vehicles,2024
478,Why‚Äôd you join the military,19687834.0,1192318.0,0.0,People & Blogs,2024
479,VISTA AL MAR,1345609.0,13378.0,0.0,Music,2023
480,BBC Weatherman Caught Giving Middle Finger on Stage,510985.0,3000.0,156.0,News & Politics,2010
481,Tiakola - 200K (Visualizer),401231.0,12736.0,0.0,Music,2023
482,a shop for killers #kdrama #leedongwook #fyp„Ç∑ #shorts,36495668.0,2332258.0,0.0,Entertainment,2024
483,What happened with petrol ‚õΩÔ∏è theif?,80215970.0,699249.0,0.0,People & Blogs,2025
484,Tutorial For Wacky The Magic Worm #shorts,31500538.0,1211363.0,0.0,Entertainment,2023
485,Tutorial on how to float (new edit) #slickback #airwalk #viral #dance,23773994.0,1033660.0,0.0,People & Blogs,2023
486,–§–æ–∫—É—Å—ã –≤ –∞—Ä–º–∏–∏ (—Å –ø—é—Ä–µ—à–∫–æ–π) / Magic in Russian Army,1153666.0,22703.0,864.0,People & Blogs,2016
487,"‚òÉ Kid get's smacked by city plow driver ‚ùÑÔ∏è Belleville, Ontario",1257621.0,6113.0,2075.0,Nonprofits & Activism,2016
488,Cian Ducrot - I'll Be Waiting (Official Video),652326.0,17389.0,0.0,Music,2023
489,Even Sam Sulek struggled on this machine #arsenalstrength #samsulek #workoutmotivation #squat,21366880.0,1232670.0,0.0,Sports,2024
490,"Original Elias, Los Yakis, Big Lois - COCO",545770.0,6245.0,0.0,Music,2024
491,Today's child üíÄ #trollface #shorts,33321451.0,1976502.0,0.0,Entertainment,2025
492,[HQ AUDIO]Foo Fighters & Rick Astley - Never gonna give you up - Summer Sonic Tokyo 20th August 2017,1031393.0,12930.0,294.0,Music,2017
493,Don't bring a snowball to a water fight - Original Audio,2710968.0,25296.0,736.0,Comedy,2013
494,He's trying to take care of the baby like a new mom.#movie #shorts,15528635.0,1864520.0,0.0,People & Blogs,2024
495,"Pop Smoke - The Woo ft. 50 Cent, Roddy Ricch",2498904.0,210392.0,2664.0,Music,2020
496,Camera üôÉü§≠ | #shortsfeed #short #shorts #youtubeshorts #memes #memesvideo #memesdaily #meme,27417456.0,1636699.0,0.0,Science & Technology,2024
497,Rocky Balmoto,2218572.0,10869.0,1626.0,People & Blogs,2016
498,Girl stuck in the freezer,1313291.0,8876.0,916.0,People & Blogs,2016
499,Cƒ±stak x Ne,903229.0,5919.0,0.0,Music,2024
500,–ö—Ä–∞—Å–Ω–æ–¥–∞—Ä—Å–∫–∏–µ –ø—Ä–æ–±–∫–∏: –∞–∫—Ü–∏—è –ø–æ –±–æ—Ä—å–±–µ —Å –¥–µ–±–∏–ª—å–Ω—ã–º–∏ –Ω–∞–∫–ª–µ–π–∫–∞–º–∏. Inst nedobor,31346139.0,1114673.0,0.0,People & Blogs,2024
501,MILLION DOLLAR BABY,483750.0,30078.0,0.0,Music,2024
502,Lil Tjay - Hold On (Official Video),511397.0,51354.0,306.0,Music,2019
503,"R√°faga, Maria Becerra - Mentirosa Remix (Official Video)",4234200.0,95160.0,0.0,Music,2023
504,Checking reflexes in childrenüòÆ,16918143.0,1385894.0,0.0,People & Blogs,2024
505,"Raisa, Ahmad Dhani - Biar Menjadi Kenangan (Official Music Video)",879312.0,24831.0,0.0,Music,2023
506,–ë–æ–≥–∞—Ç–µ–∏ –Ω–∞ –ü–æ—Ä—à–µ –Ω–∞ –º–∏—Ç–∏–Ω–≥–µ –≤–∫–ª–∞–¥—á–∏–∫–æ–≤ –¢–§–ë,319543.0,5553.0,4557.0,News & Politics,2017
507,Vor dem Spiel Arminia vs Eintracht,604182.0,14665.0,1270.0,Sports,2017
508,Horse attacks alligator! Payne's prairie 4/12/17,2173396.0,2235.0,200.0,People & Blogs,2017
509,Âê≥ÈùíÂ≥∞ - Ôºà......ÂÇ¨Áú†Â§ßÂ∏´ÔºâÔºàfeat. Ma√Ætrise Saint-Marc - Les ChoristesÔºâ,729068.0,3681.0,0.0,Music,2022
510,Slime craft #diy #viralvideo  try it üòçüî•,50430588.0,676600.0,0.0,Howto & Style,2024
511,High School Musical 3 - Can I Have This Dance *OFFICIAL MUSIC VIDEO w/lyrics (HQ),25576382.0,23880.0,1691.0,Music,2008
512,LOTR cast make fun of Orlando Bloom,2756627.0,12934.0,195.0,Film & Animation,2011
513,How To Survive In A Snow Cave ‚ùÑÔ∏è (@OutdoorBoys),30879051.0,1986344.0,0.0,People & Blogs,2024
514,"–õ–∏–¥–µ—Ä –≤–µ–∂–ª–∏–≤—ã—Ö —Ñ–µ—Ä–º–µ—Ä–æ–≤ –æ –∫–æ–Ω—Ü–µ—Ä–Ω–µ ""–ü–æ–∫—Ä–æ–≤—Å–∫–∏–π""",815205.0,5214.0,1997.0,People & Blogs,2017
515,Girl honks at ship,12100810.0,69506.0,3924.0,Autos & Vehicles,2012
516,Confidence for a better voice #viralvideo #movie #funny #funny,21754025.0,1544265.0,0.0,People & Blogs,2025
517,Bobby,10522368.0,95471.0,1021.0,Film & Animation,2014
518,"Korea, the best dancer ever!!!",24082631.0,36946.0,13769.0,Entertainment,2007
519,The last touch‚Ä¶üé®,22664387.0,1301241.0,0.0,People & Blogs,2024
520,MTG Chihiro (Funk),1183327.0,28740.0,0.0,Music,2024
521,ABBA Dancing Queen 1976,20688870.0,22826.0,851.0,Music,2006
522,Jack Douglass' Acceptance Speech for Youtuber of the Year,1259028.0,58691.0,504.0,Gaming,2018
523,Sakeru Gum series „Åï„Åë„Çã„Ç∞„Éü #1-11 complete (Eng SUB),1698544.0,32679.0,265.0,People & Blogs,2018
524,basic instinct,6484622.0,1102.0,271.0,Entertainment,2006
525,Lil Nas X - Panini (Official Video),954626.0,270300.0,3971.0,Music,2019
526,The moment an old lady questions her own sanity,16672541.0,152493.0,2482.0,People & Blogs,2014
527,A Cheetah Cub Clings to Life After Being Saved from Drowning by Rescuers,21851552.0,1192524.0,0.0,People & Blogs,2024
528,Cats are weird,23514825.0,1466605.0,0.0,Music,2024
529,The chosen killer who stunned Blackie #thechosenson #shorts #movie #video,17844344.0,1839716.0,0.0,Film & Animation,2024
530,Rels B - BALADITA 2000‚Äôs (SIN MIRAR LAS SE√ëALES),518464.0,83260.0,400.0,Music,2019
531,Blue Angels Fly By,7980199.0,11170.0,417.0,Comedy,2015
532,—ç–∫—Å—Ç—Ä–µ–º–∞–ª—å–Ω—ã–π –≤–∑–ª–µ—Ç –≤ –ë–æ–¥–∞–π–±–æ.mp4,1891710.0,3389.0,109.0,Autos & Vehicles,2012
533,Blinker fluid prank,3472449.0,25739.0,1535.0,People & Blogs,2017
534,This Net Play Masterclass by Lee Chong Wei Will Blow Your Mind!,31973359.0,899396.0,0.0,Sports,2024
535,He is a real hero üëèüëèüëè#pump #patrol #cctv,77443625.0,2642399.0,0.0,People & Blogs,2024
536,Kitne speed se aaya kutta #dog #dogwithpublicsafety #ytviral #ytshortsindia #animals,59452071.0,1412843.0,0.0,People & Blogs,2025
537,"Coldplay covers Linkin Park's ""Crawling""",1034276.0,5518.0,468.0,Music,2017
538,Jim Carey - How Wealthy People Laugh,23125014.0,182299.0,4886.0,Film & Animation,2011
539,Look alike cam,21725763.0,1194176.0,0.0,People & Blogs,2024
540,turtle sneeze!,750279.0,11181.0,98.0,Pets & Animals,2013
541,Weakest Link (US) - Anne Robinson meets her match,2482872.0,18485.0,310.0,Entertainment,2008
542,Joffrey was right,1990733.0,22778.0,622.0,People & Blogs,2016
543,Anas - Dans mon monde (Clip officiel),434175.0,11063.0,125.0,Music,2018
544,Din Cauza Ta,692770.0,5164.0,0.0,Music,2022
545,Zeze,620100.0,6245.0,0.0,Music,2024
546,I‚Äôm Not an Alcoholic‚Ä¶,23482478.0,1108273.0,0.0,People & Blogs,2024
547,Philippe Poutou - On n'est pas touch√© (clip officiel de campagne √† la pr√©sidentielle 2017),502245.0,3060.0,950.0,Pets & Animals,2017
548,Sofia Castro - En Camara Lenta (Official Video),328442.0,41141.0,0.0,Music,2022
549,These white mouse passed her super fast! #shorts,29116331.0,775787.0,0.0,Entertainment,2024
550,If You Ask Me What Love Is,6299705.0,34472.0,0.0,Music,2024
551,University of Arizona v.s. UCLA Streaker Dressed as Referee 2011 ENTIRE VIDEO (ORIGINAL),2601392.0,3467.0,580.0,Entertainment,2011
552,Girl falls off stage while getting proposed to at dallas music festival ORIGINAL (part 1),322489.0,887.0,239.0,People & Blogs,2017
553,Streamer is virtually violated by a weird guy and his goon.,1420634.0,20629.0,453.0,People & Blogs,2016
554,Cute Golden retriever rescuing her teddy bear,2789609.0,12852.0,427.0,People & Blogs,2013
555,Time of my life - Trump ft. Clinton (Original),973508.0,9974.0,182.0,People & Blogs,2016
556,Creating Stunning Pencil Art with Wood Lathe #woodwork  #woodturning #woodworking #short,37457109.0,925871.0,0.0,People & Blogs,2024
557,Ryan Gosling - Epic Old Dancing Videos 1992,1694235.0,6734.0,210.0,People & Blogs,2015
558,Cat doesn't like Trump,1200385.0,4548.0,198.0,People & Blogs,2016
559,Real Boston Richey - Get In There (Official Music Video) ft. GloRilla,1114137.0,23446.0,0.0,Music,2024
560,POV: Our dad before we were born#pov #dads,26059678.0,1643512.0,0.0,Entertainment,2024
561,„Ç∑„Ç´Ëâ≤„Éá„Ç§„Ç∫,3434167.0,77663.0,0.0,Music,2024
562,"Eden Mu√±oz - Ni Te Conozco, Ni Me Saludes",412133.0,8911.0,0.0,Music,2024
563,White Bear Mitsubishi - Gopher Hockey Outtakes - White Bear On Ice,2998663.0,27492.0,262.0,Autos & Vehicles,2016
564,Jedna fotografija dnevno u najgoroj godini ≈æivota / One photo a day in the worst year of my life,61892792.0,32649.0,4045.0,People & Blogs,2013
565,√én golul tƒÉu,542909.0,11504.0,0.0,Music,2023
566,–î–µ–∫–∞–±—Ä—å—Å–∫–∏–π —Å–Ω–µ–≥,497351.0,6170.0,0.0,Music,2024
567,My dog and his extremely sour warhead.,3258081.0,37324.0,2328.0,People & Blogs,2016
568,Tems - Me & U (Official Video),6784272.0,192413.0,0.0,Music,2023
569,R√≥≈º,892763.0,13576.0,0.0,Music,2024
570,"Micha√´l Brun, John Legend, Rutshelle Guillaume - Safe (Audio)",336094.0,15568.0,0.0,Music,2024
571,"–ë–∞–ª–∞–∫–ª–µ—è, –•–∞—Ä—å–∫–æ–≤, –º–æ–º–µ–Ω—Ç –¥–µ—Ç–æ–Ω–∞—Ü–∏–∏",1941205.0,4907.0,197.0,People & Blogs,2017
572,The Usual Suspects Lineup HQ WS,2305124.0,13521.0,142.0,Entertainment,2009
573,Dashcam BMW crash,5666551.0,14735.0,1208.0,People & Blogs,2016
574,love nwantiti (feat. Dj Yo! & AX'EL) (Remix),1130967.0,44988.0,428.0,Music,2021
575,David Hasselhoff - Hooked on a Feeling,13848813.0,42810.0,4411.0,Music,2006
576,It Got Grandma!: Chimp at Zoo Throws Poo in Grandma's Face!,3975037.0,24800.0,1387.0,Pets & Animals,2017
577,American Terrorist Christopher Cantwell balls his eyes out,1283550.0,1966.0,5740.0,People & Blogs,2017
578,Jamie Fine - If Anything's Left (Lyric Video),400523.0,10743.0,0.0,Music,2023
579,Stephen Colbert 2011 Commencement Speech at Northwestern University,1142028.0,7520.0,105.0,Comedy,2011
580,"Jawsh 685, Jason Derulo, BTS - Savage Love (Laxed - Siren Beat) (BTS Remix - Visualizer)",709660.0,87291.0,785.0,Music,2020
581,A real loyal man ‚ù§Ô∏è‚Äçü©π #healthcore #relationship #happy,19027611.0,1530596.0,0.0,People & Blogs,2024
582,#cls63amgshootingbrake #car #drift #rage #funnyshorts,23285790.0,816334.0,0.0,Gaming,2024
583,25 —è–Ω–≤–∞—Ä—è 2017 –≥.,558189.0,6115.0,911.0,People & Blogs,2017
584,Lady Mi Amor,2862746.0,49983.0,0.0,Music,2022
585,Now United - Clockwork (Official Music Video),3608730.0,109252.0,0.0,Music,2022
586,This elevator zombie is the previous doctor#shorts #movie,18607898.0,1261246.0,0.0,People & Blogs,2025
587,–î–ï–í–û–ß–ö–ò –°–†–£–ë–ò–õ–ò –ö–£–ß–£ –ë–ê–ë–õ–ê,351093.0,10976.0,16261.0,People & Blogs,2017
588,Derrick Barry (Britney Spears) - America's Got Talent,5370442.0,12906.0,757.0,Entertainment,2008
589,Airport worker did not believe John Krasinski,18075959.0,1134783.0,0.0,People & Blogs,2024
590,#epicfail #funnyfelines #laughoutloud #viralvibes,41417471.0,1174662.0,0.0,People & Blogs,2023
591,Michele Morrone - Hard For Me (Official Music Video),968142.0,163555.0,681.0,Music,2020
592,Lighter (feat. KSI),208305.0,15523.0,287.0,Music,2020
593,Weather boi,2224078.0,40635.0,799.0,People & Blogs,2017
594,ÂêåÊãÖ‚òÜÊãíÂê¶ feat. „Å°„ÇÖ„Éº„Åü„ÇìÔºàCVÔºöÊó©Ë¶ãÊ≤ôÁπîÔºâÔºèHoneyWorks,1410014.0,54271.0,0.0,Music,2024
595,The Loud Machine,631383.0,7644.0,119.0,Comedy,2006
596,Jokes on you #foryoupage #viralshort  #crime #fyp,14630922.0,1310894.0,0.0,Gaming,2024
597,–ú–∏—Ç–∏–Ω–≥. –í–ª–∞–¥–∏–≤–æ—Å—Ç–æ–∫. –î–∏–º–æ–Ω. 26.03.2017,321696.0,5390.0,678.0,Gaming,2017
598,Carlsberg stunts with bikers in cinema,22426928.0,50810.0,806.0,Entertainment,2011
599,True Life: Saddest Moments from Suicide to Self Mutilation | MTV,735724.0,7205.0,519.0,Entertainment,2017
600,J.I. - Used To [Official Music Video],200427.0,22875.0,129.0,Music,2021
601,Driving lesson nearly ends badly,20021646.0,1086893.0,0.0,Comedy,2024
602,Skyrim SE - Do not be afraid,428627.0,8286.0,41.0,Gaming,2016
603,Andy Serkis as Gollum or Sm√©agol reading Trumps tweet's,618195.0,9948.0,607.0,News & Politics,2017
604,"morodo, la yerba del rey",5337381.0,5237.0,263.0,News & Politics,2007
605,that would have been one expensive crash #crash #bmw #automobile,32241025.0,1330959.0,0.0,People & Blogs,2024
606,Scummy Chef Tried Sabotaging A Blind Chef üíÄ,14011202.0,1394390.0,0.0,People & Blogs,2025
607,easy money fr ü§£ #edit #funny #comedy #wow #comedymemes #shortvideos,28383831.0,1252511.0,0.0,People & Blogs,2024
608,Why Bryan Cranston Took M*th...,15364626.0,1375652.0,0.0,People & Blogs,2025
609,Gruzi - Don't let me down,1089084.0,4492.0,91.0,Music,2017
610,Touch at Your Own Risk,2637024.0,3931.0,222.0,People & Blogs,2017
611,"Hippo Charge on Chobe River Jan2015, recorded with iPhone 6; Botswana, Awesome but crazy dangerous.",9735098.0,14563.0,773.0,People & Blogs,2015
612,Why do some people like to steer with one hand while driving? #car #cardriving,28686798.0,1157668.0,0.0,People & Blogs,2025
613,Sister Act 2 - Oh Happy Day,37730464.0,87538.0,1589.0,Music,2006
614,Bucket Bear better quality,4399693.0,2977.0,117.0,Pets & Animals,2014
615,Finch Frozen to Fence Rescue,3702696.0,25741.0,152.0,People & Blogs,2017
616,no one hates tom holland more than anthony mackie,3158893.0,58614.0,1222.0,People & Blogs,2018
617,Jay Wheeler - THROWBACK (Official Video),7790108.0,77637.0,0.0,Music,2023
618,Ralph Macchio edit ageüë∂,19559120.0,1335305.0,0.0,People & Blogs,2024
619,SDCC 2018 D23EXPO LEAK AVENGERS 4 TEASER TRAILER GUARDIANS AND THOR,902113.0,5250.0,16759.0,People & Blogs,2017
620,Wait for it...,1924931.0,26500.0,3728.0,People & Blogs,2016
621,Lan x Affetmem,457082.0,4583.0,0.0,Music,2024
622,Ìá¥ÏÇ¨Ìï† Îïå Îã®ÌÜ°Î∞©Ïóê Ïò¨Î¶¨Îäî ÏòÅÏÉÅ,2972255.0,47671.0,494.0,People & Blogs,2017
623,Nasƒ±lsƒ±n Ba≈ükan ?,553867.0,4827.0,0.0,Music,2024
624,Charging Fails  The Hilarious Struggles of Charging a Cybertruck #wtfdfw,24297022.0,1030221.0,0.0,Entertainment,2024
625,"Creepy NutsÔΩ¢OtonokeÔΩ£ √ó Anime""DAN DA DAN"" Collaboration Music Video",2425308.0,74657.0,0.0,Music,2024
626,Seleccion Argentina 2010 Waving Flag,1190356.0,2026.0,65.0,Sports,2009
627,Stupid peoplesüôÑ #shorts #motovlog #vlogger #viral #viralvideo #trending #trendingshorts #biker,23079124.0,1228011.0,0.0,People & Blogs,2023
628,1 Second of every  'It's Always Sunny In  Philadelphia' episode,1419216.0,47756.0,318.0,People & Blogs,2017
629,Evie's first sip of Coke,2098844.0,9508.0,1647.0,People & Blogs,2017
630,Salmo 121,414063.0,7236.0,0.0,Music,2024
631,Prison can chat through the toilet #happy #funny #movie #comedy,15073415.0,1732918.0,0.0,Film & Animation,2025
632,"Pop Smoke - Snitching (Audio) ft. Quavo, Future",3610348.0,109734.0,1470.0,Unknown,2020
633,Ottawa cyclist struck by car!,1379955.0,5540.0,262.0,People & Blogs,2017
634,Cat and Dog (a love story),2194640.0,1626.0,276.0,Pets & Animals,2007
635,"I P‚Äô ME, TU P‚Äô TE",1204656.0,26346.0,0.0,Music,2024
636,Kevin Hart and Dwayne Johnson weigh in on Colin Kaepernick's situation | The Undefeated Roundtable,398805.0,4592.0,626.0,Sports,2019
637,Gardening Skills,568023.0,9612.0,368.0,Comedy,2017
638,–ü—Ä–æ–Ω—å–∫–æ. –≠–∫–æ–Ω–æ–º–∏–∫–∞: –ù–∞–±–∏—É–ª–ª–∏–Ω–∞ –æ—Ç–≤–µ—Ç–∏–ª–∞ –Ω–∞ –≤–æ–ø—Ä–æ—Å—ã ¬´–¶–∞—Ä—å–≥—Ä–∞–¥–∞¬ª,1987411.0,10901.0,243.0,News & Politics,2017
639,"21 Lil Harold, 21 Savage - Ain't On None (Official Music Video)",403840.0,14597.0,0.0,Music,2023
640,Dexter Saves The Police Department | Dexter S6.E11,16188719.0,1103645.0,0.0,Film & Animation,2024
641,Releasing a stranded octopus and it thanked me,12029468.0,112065.0,3130.0,Pets & Animals,2013
642,Patrick Wasserziehr l√§sst seinen Kaffee umr√ºhren,1265446.0,9952.0,7681.0,People & Blogs,2017
643,Zapowied≈∫ pociƒÖgu,643936.0,7279.0,384.0,People & Blogs,2018
644,Emkal - Oublie-moi (Clip officiel),10903494.0,213459.0,0.0,Music,2022
645,Not Thanos and Tuco üòÇüòÇüò≠üíÄ #shorts #comedy #funny #breakingbad #avengers @AlternativeCutsStudios,15728978.0,1081525.0,0.0,Music,2024
646,counting to Jay-Z and back,544904.0,6743.0,281.0,Music,2017
647,BACILOS LA CARA DE LA LUNA,2142731.0,2971.0,89.0,Music,2008
648,Soweto,1082098.0,19231.0,0.0,Music,2023
649,#—Ñ–∏–ª—å–º #—Ñ–∏–ª—å–º—ã #–∫—É—Ö–Ω—è,24804822.0,1138048.0,0.0,People & Blogs,2023
650,Bird karma,1324926.0,24519.0,843.0,People & Blogs,2017
651,In Flames - Trigger,8393871.0,30145.0,709.0,Music,2006
652,"The Room - 'I Did Not Hit Her!' - 'Oh, Hi Mark!' - üçÜ See Film üëëTHE DIANA CLONE üåπon Amazon üë∏",2571193.0,20280.0,636.0,Comedy,2016
653,Amazing gifts for her birthday party ü•≥üéâ#diy #gift #happy #shorts #trending,90441750.0,1805257.0,0.0,People & Blogs,2024
654,"Bankroll Freddie, Megan Thee Stallion - Pop It (Official Video)",302530.0,18996.0,236.0,Music,2021
655,YOLUNDA BABA,284964.0,7021.0,0.0,Music,2023
656,A child with supernatural gift . Just watch him carefully.  #agt #americagottalent #globaltalent,84382366.0,1102512.0,0.0,People & Blogs,2024
657,Potter Payper - Love Me How,515123.0,11811.0,0.0,Music,2024
658,Z Beta,1503881.0,12867.0,0.0,Music,2025
659,This has got to be Rip‚Äôs unluckiest day ever.,14206642.0,1238400.0,0.0,Film & Animation,2024
660,Young Tmo x Mad Jim x Lil Bobey - The Race Freestyle,530196.0,6946.0,10.0,Entertainment,2017
661,Œ§Œø œÄŒøŒπŒø Œ±œÄŒØœÉœÑŒµœÖœÑŒø Œ≤ŒØŒΩœÑŒµŒø œÄŒøœÖ Œ≠œáŒµœÑŒµ Œ¥ŒµŒπ œÄŒøœÑŒ≠!!! The most INCREDIBLE VIDEO EVER !!! WWW.BYTHEWAY.GR,3360262.0,2084.0,3489.0,Sports,2008
662,Triste Verano,973986.0,37509.0,0.0,Music,2023
663,La Diabla,577246.0,17409.0,0.0,Music,2023
664,Drake's Security Oversteps Their Boundary,1294954.0,7216.0,913.0,Autos & Vehicles,2017
665,Mr Fish Finger With 309 Votes,417269.0,7019.0,129.0,People & Blogs,2017
666,Creative Labs Keyboard Drum Demonstration. The best keyboard drummer ever! Maybe best drummer ever!,717041.0,9017.0,69.0,Music,2009
667,This Dog Owner Faced Backlash for This...üëπ,15863260.0,1129831.0,0.0,Entertainment,2024
668,Pop Smoke - Something Special (Audio),1569123.0,62866.0,369.0,Unknown,2020
669,C‚Ä¢U‚Ä¢N‚Ä¢T‚Ä¢S ‚Ä¢ Game of Thrones ‚Ä¢ Season 7 Episode 6 Preview ‚Ä¢  Friends Parody,880221.0,24932.0,310.0,Comedy,2017
670,Mission Impossible: Toddler Edition,485603.0,5406.0,737.0,Comedy,2018
671,Pouring water down a 50 meter well.,669007.0,7414.0,343.0,People & Blogs,2018
672,Potter Payper - Nothing's Free ft. Suspect OTB,203115.0,9481.0,140.0,Music,2021
673,Supernova,27166456.0,123748.0,0.0,Music,2024
674,#memes #memesvideo,14283173.0,1197313.0,0.0,People & Blogs,2023
675,Eddy Court - Scoop & Boolin,116227.0,1011.0,5.0,Music,2017
676,Zebra Drowning a Lion,30475518.0,19766.0,2398.0,Autos & Vehicles,2009
677,66 year old Bodybuilder William Reed sees color for first time,2326852.0,32615.0,478.0,People & Blogs,2017
678,Now United - All Night Long (Official Music Video),3804144.0,65617.0,0.0,Music,2022
679,Red Suit || Official HD Video || Latest Punjabi Songs || RK Ramme,1080296.0,2237.0,61.0,Music,2017
680,Blueface - Finesse the Beat,3180097.0,106943.0,3722.0,Music,2020
681,"I didn‚Äôt choose this life, this life chose me #bodybuilding #gym",18112289.0,952915.0,0.0,Sports,2024
682,Parenting life hack to keep your kids busy!! ü§Ø,46180015.0,593735.0,0.0,People & Blogs,2024
683,When you and your mates go snow boarding for the first time.,793869.0,5953.0,230.0,People & Blogs,2018
684,"Lisa Simpson calls Donald Trump Presidency, Increased Debt",5099101.0,6432.0,350.0,Comedy,2011
685,POV: That cheater in game,16553568.0,1214495.0,0.0,Gaming,2024
686,R·∫•t chuy·ªÉn nghi·ªáp #giaitri #tienich #xuhuong #shorts #chau23__,42947771.0,839423.0,0.0,People & Blogs,2024
687,Calboy - Unjudge Me (Official Video) ft. Moneybagg Yo,490061.0,34054.0,329.0,Music,2019
688,Perfect Imitation Moment . . . #edit #trollface #troll,85711865.0,1807179.0,0.0,Entertainment,2025
689,Jeopardy: What is a threesome?,2838751.0,7651.0,126.0,Comedy,2011
690,It happens only in India !!!,3102872.0,10975.0,195.0,Entertainment,2011
691,Garth Brooks - The Dance - Kick Cancer's ASS!,3751723.0,2513.0,90.0,Entertainment,2014
692,JADE - Angel Of My Dreams (S.A.D. - Slow. Angelic. Dramatic. - Live Version) Official Video,1067157.0,83659.0,0.0,Music,2024
693,–¢–†–Ø–°–ò,270965.0,10722.0,0.0,Music,2024
694,This Mama Cat‚Äôs Reaction is Everything üò≠,17246448.0,1441967.0,0.0,Entertainment,2024
695,burgle HD,1186446.0,9731.0,1001.0,People & Blogs,2016
696,Ïò§Î•¥Í≥® Life Is Still Going On,556702.0,81813.0,158.0,Music,2021
697,Man destroys yellow jacket nest with bare hands ORIGINAL,1655964.0,9915.0,477.0,Comedy,2017
698,"KAMILLA - –ù–µ—Ç –ª—é–±–≤–∏ (–ü—Ä–µ–º—å–µ—Ä–∞ –∫–ª–∏–ø–∞, 2017)",1260133.0,3393.0,1468.0,People & Blogs,2017
699,"""get in the bag"" cat instantly regrets getting in the bag",2795415.0,66612.0,1292.0,People & Blogs,2017
700,Two passengers are leaving the toilet on a Virgin Atlantic flight #smilehighclub,2641134.0,22660.0,567.0,Travel & Events,2017
701,In the Halls of the Trumpen President,2287550.0,28020.0,546.0,People & Blogs,2016
702,Bruce Lee VS japanese school,22075523.0,25688.0,0.0,Film & Animation,2007
703,ScarLip feat. NLE Choppa - Blick (Official Remix Video),900283.0,52440.0,0.0,Music,2024
704,Why Track & Field‚Äôs False Start Rule is COMPLETELY Unfair,19424607.0,839852.0,0.0,People & Blogs,2024
705,I Hate When People Park Like This üòÇ #cars #car #bmw,29787729.0,1291117.0,0.0,Autos & Vehicles,2024
706,Mark Cuban beats Mr. Wonderful crazy offerü§Ø  #motivation #sharktank #success #entrepreneurship,24468234.0,1809984.0,0.0,People & Blogs,2024
707,Darell - Booty Call (Official Video) ft. Kevvo,2557146.0,72186.0,2173.0,Music,2020
708,Eurovision 2017 man shows his butt during Jamala performance,811441.0,9223.0,1350.0,Entertainment,2017
709,Ê≤ñÁ∏ÑÁúåË≠¶„ÄÅDQN„Çí„ÅØ„Å≠„Çã,724385.0,6920.0,810.0,People & Blogs,2017
710,Sauce Boy Freestyle 5,199045.0,21827.0,114.0,Music,2021
711,–°—É–ø–µ—Ä –≥–µ—Ä–æ–∏ —Å–µ—Ä–≤–∏—Å–∞ Nissan ‚Äî –¢–∞–π—Ä–æ,1921703.0,2947.0,1776.0,People & Blogs,2017
712,Anas - Hania (Clip Officiel),1202172.0,58062.0,2680.0,Music,2021
713,Deaf car sees its owner and its very cute #catlover #cutecat #cuteanimals #shorts,14444985.0,1454036.0,0.0,People & Blogs,2024
714,Brandon Lake - Hard Fought Hallelujah (Music Video),2021897.0,76556.0,0.0,Music,2024
715,A Nossa Praia √© Amar,1709183.0,10466.0,0.0,Music,2025
716,Dogs Charge Police Officer Meridian Idaho David Gomez,2271314.0,11303.0,261.0,Nonprofits & Activism,2016
717,The Most Loving Cat In The World,3411990.0,4751.0,74.0,People & Blogs,2015
718,Russian daughter congratulates Trump / –†—É—Å—Å–∫–∞—è –¥–æ—á–∫–∞ –ø–æ–∑–¥—Ä–∞–≤–ª—è–µ—Ç –¢—Ä–∞–º–ø–∞,2724785.0,30679.0,10830.0,People & Blogs,2016
719,ÂêåÂ©ö_ÈáãÊò≠ÊÖßÊ≥ïÂ∏´vsÂü∫Áù£Êïô 20161124,354206.0,5280.0,347.0,News & Politics,2016
720,Feel It,389735.0,6511.0,59.0,Music,2020
721,Moje Bivse Zene,778990.0,5105.0,0.0,Music,2022
722,Snow day in Raleigh,986365.0,8312.0,533.0,People & Blogs,2017
723,Violet Chachki Fall Reveal,622111.0,6471.0,66.0,People & Blogs,2015
724,Sharon stops a Koala fight in Portland.,1280718.0,16379.0,1085.0,People & Blogs,2017
725,Killing spawn peekers can be hard sometimes,700441.0,12116.0,108.0,People & Blogs,2017
726,Chopsticks!!!,1329624.0,9922.0,233.0,Music,2006
727,–ó–µ–º–ª–µ—Ç—Ä—è—Å–µ–Ω–∏–µ –Ω–∞ –ë–∞–π–∫–∞–ª–µ 16.03.2018,433395.0,5946.0,1739.0,People & Blogs,2018
728,"Rels B, Duki - OTRO CHEKE (Audio) ft. The Rudeboyz",246789.0,29114.0,238.0,Music,2019
729,Camilo - La Dif√≠cil (Official Video),693000.0,178942.0,1788.0,Music,2019
730,Mertesacker felt for Cringe Handshake !!,391066.0,4959.0,2233.0,Comedy,2017
731,Grand Theft Cow,6571983.0,56442.0,0.0,Comedy,2017
732,Homer At Shooting Range  #thesimpsons #simpsons #shorts,14496147.0,1160739.0,0.0,Film & Animation,2024
733,The way he trusted her blindly #trending #aesthetic #shorts #song #kdrama #cdrama #rose_petal_edits,18769406.0,1239163.0,0.0,People & Blogs,2024
734,#foryou,15614840.0,935562.0,0.0,Gaming,2024
735,Heureuse,242058.0,7174.0,0.0,Music,2025
736,Are you ready for this?,1201197.0,10359.0,644.0,People & Blogs,2017
737,Zivot Skup,1813081.0,10912.0,0.0,Music,2022
738,#starman #starmanmeme #superman,26625824.0,1240004.0,0.0,Entertainment,2024
739,Tim Bengel Sand Artist Hoax,626922.0,7443.0,1844.0,News & Politics,2017
740,I AM THE LAW!,1001145.0,4766.0,59.0,Comedy,2009
741,Only,879027.0,6045.0,0.0,Music,2024
742,Vitalik Buterin: This is time to go all in. Ethereum will hit $13K in the end of Month. ETH News!,1861646.0,22354.0,332.0,Unknown,2021
743,8 Rules of Fight Club Trailer,1352408.0,2752.0,97.0,Entertainment,2006
744,Cat Burns - live more & love more (lyric video),1976635.0,61195.0,0.0,Music,2023
745,Safety always first #trucker #flatbed #truckdriver,26230966.0,715384.0,0.0,People & Blogs,2024
746,Trap /tuzak #bushcraft #survival #outdoors #trap #traps,31706632.0,626793.0,0.0,People & Blogs,2023
747,I built a hidden and strange shelter inside a big rock. A safe and comfortable shelter|#shorts,25768817.0,592990.0,0.0,Entertainment,2025
748,Dog Saves Deer... Good Boy Storm,1591632.0,5595.0,207.0,Education,2017
749,Smartest Police Dog Ever!,3818260.0,2410.0,29.0,People & Blogs,2009
750,Î∞ïÍ∑ºÌòú ÎåÄÌÜµÎ†π 'ÎåÄÍµ≠ÎØº Îã¥Ìôî'Ïùò Ïû¨Íµ¨ÏÑ±,1123430.0,5094.0,298.0,News & Politics,2016
751,Massimo Pericolo - Straniero (Visual Video) ft. Tedua,500396.0,9717.0,0.0,Music,2023
752,Gotta make sure we are giving the best service,49741957.0,433295.0,0.0,People & Blogs,2023
753,Impossible By Rukby Graund Match üòÆüòÆüòÆll,34003889.0,877636.0,0.0,People & Blogs,2024
754,"The moment their soul said, 'I'm out!' üòÇ",13129999.0,1122799.0,0.0,Entertainment,2024
755,Do something new #trending #food #siblings #viralvideo #recipe,30519326.0,564333.0,0.0,Comedy,2024
756,baby playing in mother's womb !!!!!,5806522.0,2810.0,101.0,Entertainment,2010
757,WLIIA: Best Questions Only Game Ever!,1778902.0,14882.0,215.0,People & Blogs,2013
758,V'OLGA - –õ–û–í–ò–õ–ê,1136235.0,2735.0,756.0,People & Blogs,2017
759,"faire grossir sa poitrine, ses seins how to make big tits boobs",2271592.0,2923.0,215.0,Film & Animation,2011
760,Rube BeauBerg Experiment,338078.0,6506.0,484.0,Education,2012
761,Not all Hero‚Äôs Wears Capes üòÇü¶∏‚ù§Ô∏è ü™ß,19436811.0,1332889.0,0.0,Sports,2024
762,G√©n√©rique de Fin - Nouvelle √âcole,270628.0,5414.0,0.0,Music,2024
763,I bet this music video was so fun to make #edit #billieeilish #fyp„Ç∑„Çö #music #hmhas #viral #shorts,16653075.0,1141116.0,0.0,People & Blogs,2024
764,ŸÖŸáÿ±ÿ¨ÿßŸÜ ÿ®ÿ±ŸäÿØÿ© ŸÑŸÑÿ™ŸÖŸàÿ± 1438 Ÿáÿ¨ÿ±Ÿäÿ©,158842.0,1590.0,490.0,People & Blogs,2017
765,–¢–æ—Å–Ω–µ–Ω—Å–∫–∏–π —à—Ç–∞–± –æ –∑–∞–∫—Ä—ã—Ç–∏–∏. –û–±—Ä–∞—â–µ–Ω–∏–µ –∫ –ù–∞–≤–∞–ª—å–Ω–æ–º—É.,430346.0,3205.0,16467.0,People & Blogs,2018
766,AmagezaGautengSavingCalf_Short,2433717.0,22638.0,104.0,Sports,2011
767,–ö”©–∑–º–æ–Ω—à–∞“ì—ã–º (Remix),852325.0,2558.0,0.0,Music,2022
768,Bana Sor,558671.0,3650.0,0.0,Music,2024
769,When your best friend suddenly leaves you #edit #movie,36598926.0,2339481.0,0.0,People & Blogs,2024
770,Yapmaya Devam Edeyim,2144646.0,21309.0,0.0,Music,2025
771,Fake lenovo subwoofer,896059.0,2624.0,93.0,Comedy,2013
772,Hans Zimmer - Black Hawk Down (Main Theme),18846951.0,57057.0,1006.0,Film & Animation,2008
773,Stravinsky Firebird SCREAM,2286142.0,14263.0,151.0,Entertainment,2017
774,Wasp cuts bee in half,900753.0,4414.0,3987.0,People & Blogs,2013
775,Supermoto Trailer Jump - Real Life GTA,937049.0,4957.0,268.0,People & Blogs,2018
776,VTEC SOUND,1439814.0,2379.0,110.0,Autos & Vehicles,2006
777,Superman goes to the gym üòÜ #clark #clarkkent #superman #dc #dceu #comic,23074332.0,1096922.0,0.0,Entertainment,2024
778,Service station attempted robbery,346486.0,433.0,8.0,People & Blogs,2016
779,Biometrids Decentralised and Anonymous ID by Facial Recognition,44939.0,6760.0,81.0,Science & Technology,2018
780,Grandma falls into crib,5198725.0,3233.0,640.0,People & Blogs,2016
781,Surmeet Mayyar - Destiny|Captab Music|New punjabi,1210006.0,5561.0,39.0,Music,2016
782,Ricordi,1563266.0,37543.0,0.0,Music,2022
783,Tyler1 screams as loud as he can but it's vocoded to gangsta's paradise,6892417.0,326670.0,0.0,Entertainment,2021
784,Raisa - Tak Berharap Lagi (Official Lyric Video),640395.0,23800.0,0.0,Music,2023
785,ÂàùÊÅã„Ç≠„É©„Éº,2408648.0,70467.0,0.0,Music,2024
786,How Japan Builds Without Nails,21240627.0,865214.0,0.0,People & Blogs,2024
787,Whiplash,26339205.0,125508.0,0.0,Music,2024
788,Lawyer shoots at innocent homeless man#movie #shorts #film,15675902.0,1204273.0,0.0,People & Blogs,2024
789,Rubi de #LosXvdeRubi abucheada en los Premios MTV Miaw 2017,601433.0,2164.0,524.0,People & Blogs,2017
790,„ÄêÊúÄÂá∂„ÄëÊù±Êµ∑„Ç™„É≥„Ç®„Ç¢„ÅØ„ÇÜ„ÇÅ„Åæ„Çã„Åå‰∏ÄÁï™„ÄÅÂ§©ÊâçË™¨„Åß„Åî„Çè„Åô„ÄÇ,1146538.0,8217.0,1793.0,People & Blogs,2018
791,Borat - Throw the Jew Down the Well!!,14780300.0,113914.0,5175.0,Unknown,2006
792,Tunak Tunak Tun sped up every time they say Tunak,4545880.0,80858.0,2766.0,People & Blogs,2016
793,"Red Hot Chili Peppers "" Californication "" ( LIVE )",1318163.0,4440.0,74.0,Music,2008
794,Chuck Norris stops a chainsaw bare handed,6511349.0,56317.0,1872.0,Howto & Style,2011
795,"""–ü–û–ñ–ò–†–ê–¢–ï–õ–¨"" –§–∏–ª—å–º –æ –∫–æ—Ä—Ä—É–ø—Ü–∏–æ–Ω–Ω—ã—Ö –¥–µ–π—Å—Ç–≤–∏—è—Ö –û–ª–µ–≥–∞ –°–æ—Ä–æ–∫–∏–Ω–∞ –≤ –ù–∏–∂–Ω–µ–º –ù–æ–≤–≥–æ—Ä–æ–¥–µ",1163542.0,33531.0,178.0,News & Politics,2017
796,No i‚Äôm sorry for not noticing the disease quick enough‚Ä¶,16057914.0,837794.0,0.0,People & Blogs,2024
797,–°–∏–¥–∏—Ç —Å–µ–±–µ —Ç–∞–∫–æ–π —Å—Ç–∞—Ä–µ—é—â–∏–π –°–µ—Ä—ë–∂–∞... (–¢–∞—Ä—É—Ç–∞ –º—É–ª—å—Ç–∏–∫),1020604.0,1123.0,9.0,People & Blogs,2017
798,canon,1151211.0,3600.0,303.0,Music,2006
799,The JAWS OF DEATH AROUND ME my story,15694317.0,2156.0,16530.0,Pets & Animals,2007
800,Tra Tra Tra,2663550.0,734.0,212.0,Comedy,2007
801,Unknown T - Who said drill‚Äôs dead? (Freestyle),709147.0,38689.0,0.0,Music,2022
802,Chris Gayle batting‚ò†Ô∏èüî•üóø #cricket #chrisgayle #icc #viral #shortsfeed #shorts #video #trending,21451498.0,889235.0,0.0,People & Blogs,2025
803,Dana RECRUITS A Guy From The Crowd ü´° #ufc308,15310782.0,870625.0,0.0,People & Blogs,2024
804,Delaware Linemen Help Get The Power On in Puerto Rico,330993.0,5766.0,270.0,People & Blogs,2018
805,Sparks - The Girl Is Crying In Her Latte (Official Video) - Starring Cate Blanchett,370731.0,13803.0,0.0,Music,2023
806,INSANE team USA sport stacking relay (üé•: @PeterFord) #sportstacking #speedstacking #cupstacking,19921710.0,1571341.0,0.0,Sports,2024
807,–î–∞–º–±–ª–¥–æ—Ä –ø—Ä–æ–≥–Ω–∞–ª –í–æ–ª–∞–Ω-–¥–µ-–ú–æ—Ä—Ç–∞ –∏–∑ —ç–ª–µ–∫—Ç—Ä–∏—á–∫–∏,907268.0,28505.0,990.0,People & Blogs,2016
808,The Carlton Dance,21982633.0,125259.0,1804.0,Comedy,2006
809,Do you know what movie this is?,14277121.0,1400411.0,0.0,Film & Animation,2024
810,Share with a friend or tag a friend who would look breathtaking in this gown! To order this radiant,31427489.0,1979492.0,0.0,People & Blogs,2024
811,Girl falls from rock climbing but her mother lets ho of rope üò≠üò≠üò≠#movieclips #aftereffects #edit,21932706.0,1552430.0,0.0,People & Blogs,2025
812,How to accidentally discharge your pistol properly.,1075334.0,11324.0,327.0,People & Blogs,2016
813,Beijing Airpocalypse Arrival,1237586.0,1923.0,438.0,People & Blogs,2017
814,Flying Scotsman,2104858.0,17604.0,942.0,Film & Animation,2017
815,Lip Dub - Flagpole Sitta by Harvey Danger,431602.0,3425.0,85.0,Music,2007
816,SDM - Jacquemus Bag,451739.0,14360.0,0.0,Music,2023
817,Jimmy came to the store to buy cough medicine for his baby #funny #baby #funnyshorts #shorts,20123045.0,1727015.0,0.0,Film & Animation,2024
818,Nope,2804741.0,14656.0,1512.0,Pets & Animals,2017
819,Guy dresses up as dog's favorite toy ORIGINAL,34208522.0,1134285.0,6964.0,Entertainment,2016
820,"Nanpa B√°sico, Lia Kali - Peor Que La Polic√≠a (Official Video)",447102.0,15919.0,0.0,Music,2024
821,Thought I was getting a different gay üò≠ she still girly üíÖ,14001838.0,1099155.0,0.0,People & Blogs,2024
822,"how to plaster professional craftsmen, quickly and neatly...",63795366.0,651174.0,0.0,Science & Technology,2025
823,Kelly Clarkson - Stronger (lyrics + deutsche √úbersetzung),2264728.0,4545.0,126.0,Music,2012
824,–ò –∫–∞–∫ —ç—Ç–æ –Ω–∞–∑—ã–≤–∞–µ—Ç—Å—è?,545044.0,1706.0,3138.0,People & Blogs,2016
825,skyrim irl,4445069.0,201482.0,2141.0,Gaming,2017
826,mike mo 12 yrs old,899520.0,2384.0,189.0,Sports,2008
827,–°–∞—è–Ω—Å–∫–∏–π –º–µ—Ç–µ–æ—Ä–∏—Ç.,701308.0,2013.0,3013.0,People & Blogs,2016
828,SWIPE,770209.0,16265.0,0.0,Music,2022
829,"Definition of ""I got you""ü•π. #love #wedding #usa #phillipines #canada",16320783.0,879622.0,0.0,People & Blogs,2024
830,nayt - Certe bugie (official video),259293.0,13901.0,0.0,Music,2024
831,Pop Smoke - Gangstas,6522744.0,127566.0,1390.0,Unknown,2020
832,"Silicon Valley S01E08 Dick Joke ""Mean Jerk Time"" (Full)",743586.0,4314.0,129.0,Film & Animation,2014
833,Jessie J 'Domino' [HIT SINGLE] Official Lyric Video + Single Cover (Full Song),14378553.0,29600.0,779.0,Unknown,2011
834,Penn State Dad Surprised with Rose Bowl Tickets,886251.0,13187.0,338.0,People & Blogs,2016
835,"Kitty Corliss ""Grinding the Crack""",7165556.0,47671.0,866.0,Pets & Animals,2011
836,Review of Freightliner Engine goes off the rails,779448.0,10343.0,258.0,Autos & Vehicles,2016
837,HAY LUPITA,742351.0,8461.0,0.0,Music,2024
838,The last thing my Nest cam saw...,1103324.0,2863.0,3111.0,Comedy,2017
839,Alicia Keys How to Save A Life (the Fray Cover) Radio One Live Lounge,974519.0,1532.0,803.0,Music,2009
840,Billie Jean (Live),1240220.0,3198.0,67.0,Entertainment,2006
841,love üíñ #youtubeshorts #love #aesthetic #shorts,14461382.0,1421219.0,0.0,People & Blogs,2023
842,So much love in this shorts #shorts #cat #catlover,13626618.0,1081306.0,0.0,Pets & Animals,2024
843,You fall asleep at your workstation and your boss has to use forced boot up #usa #funny #usacats,15105139.0,965594.0,0.0,People & Blogs,2024
844,Makes my heart happy üòÑ #foryou #motorcycle #motorbike #motorcyclelife #biker,10998377.0,1293220.0,0.0,People & Blogs,2024
845,Best reactions after anesthesia üòÇ,12761890.0,998047.0,0.0,Entertainment,2024
846,JD Pantoja - Idiota (Official Video),2914712.0,516071.0,18824.0,Music,2020
847,Lola and Annie - Road Trip Karaoke,7095244.0,4677.0,200.0,Comedy,2017
848,Mous-K - On part √† la guerre (Clip officiel) ft. Bosh,185963.0,8778.0,134.0,Music,2020
849,Curb Your Middle Finger,2148818.0,102656.0,0.0,People & Blogs,2020
850,Âê≥ÈùíÂ≥∞ - Ôºà‚Ä¶‚Ä¶Â∞èÁéãÂ≠êÔºâÔºàfeat. Â§ßÊ©ã‰∏âÈáçÂî±Ôºâ,758113.0,2955.0,0.0,Music,2022
851,"""I'm Walking Here!""  #fyp #meme #memes #humor",26881199.0,2062268.0,0.0,Music,2024
852,Isadora Pompeo - Can√ß√£o de Paulo (Ao Vivo),717671.0,18144.0,0.0,Music,2024
853,Ferrari car ‡§ï‡•á ‡§∂‡•Ä‡§∂‡•á ‡§™‡§∞ ‡§ï‡§Æ‡§æ‡§≤ ‡§ï‡•Ä artistry üé®üñåÔ∏è#viralart #trending #ferrari,20062971.0,653512.0,0.0,People & Blogs,2024
854,Easily solve the target and leave in peace. #shorts  #show,19371062.0,838752.0,0.0,Film & Animation,2024
855,"Preme - DnF (Explicit) ft. Drake, Future",49668132.0,255859.0,9673.0,Music,2014
856,Brilliant Earth Diamond Jewelry ‚Äì Real Customer Stories,1077105.0,5070.0,257.0,Education,2017
857,–ì—Ä–∞–¥ –≤ –ü–∏—Ç–µ—Ä–µ 22.07.17! –ú–æ—Å–∫–æ–≤—Å–∫–∏–µ –≤–æ—Ä–æ—Ç–∞.,529555.0,2955.0,225.0,People & Blogs,2017
858,"Camilo, Shakira, Pedro Cap√≥ - Tutu (Remix - Audio)",503155.0,96284.0,4974.0,Music,2019
859,Smart German Shepherd:  Twitch Letting Sophie Out of Her Kennel,9071139.0,6457.0,432.0,Pets & Animals,2012
860,Show,2155636.0,47683.0,0.0,Music,2023
861,#ŸÅÿ∑ÿßÿ¶ÿ± #ŸÖÿπÿ¨ŸÜÿßÿ™ üçÉ,58370684.0,588412.0,0.0,People & Blogs,2024
862,Polo G - Martin & Gina (Official Video),1574335.0,169603.0,1339.0,Music,2020
863,–†–∞–∑–≤–æ–¥ –Ω–∞ –ª–æ–∂–∫—É –æ—Ç –≤–æ—Ä–æ–Ω—ã,2215297.0,27798.0,1265.0,People & Blogs,2017
864,"Children Of Bodom - ""In Your Face""",10945662.0,44450.0,1852.0,Music,2006
865,Trump in Home Alone 2,7876999.0,34035.0,2069.0,Entertainment,2012
866,OPETTAJA SERVAA OPPILAAN,612669.0,8823.0,283.0,Entertainment,2016
867,tinker bell dies of lack of attention,1680831.0,117780.0,0.0,People & Blogs,2021
868,The good driver indicators meaning #viralvideo #suzukilovers #offroad #viralshort,21897113.0,932948.0,0.0,People & Blogs,2024
869,Do you agree with this mom‚Äôs philosophy of education? #shortvideo #shorts #freshofftheboat,14506851.0,1113348.0,0.0,Film & Animation,2024
870,–ü–∞–¥–µ–Ω–∏–µ –º–µ—Ç–µ–æ—Ä–∏—Ç–∞ –≤ –°–∞–Ω–∫—Ç-–ü–µ—Ç–µ—Ä–±—É—Ä–≥–µ,508176.0,1862.0,1241.0,Film & Animation,2017
871,FINNEAS - Only A Lifetime (Official Music Video),427585.0,42373.0,0.0,Music,2021
872,Heaven - DJ Sammy Remix,11370933.0,21100.0,0.0,Music,2006
873,"Gazo, Tiakola - 24/34 (Visualizer)",162492.0,10509.0,0.0,Music,2023
874,Beautiful Things,9648080.0,223242.0,0.0,Music,2024
875,Coraz√≥n de Piedra,8259656.0,163715.0,0.0,Music,2024
876,Jƒôdrzej√≥w 26 wrzesie≈Ñ 2017r strze≈ºony przejazd kolejowy...,509539.0,2706.0,159.0,Music,2017
877,Fernanda Brum - Onde o Fogo N√£o Apaga (Ao Vivo),803755.0,29015.0,0.0,Music,2023
878,Nkantin,376165.0,6886.0,0.0,Music,2022
879,Bro drove home with no music on after that ü§£ #automobile #funny #forzahorizon5 #viralvideo,13131658.0,1111183.0,0.0,Autos & Vehicles,2024
880,Metallica-Fade To Black,35496234.0,88736.0,2442.0,Music,2006
881,Keg tapping goes horribly wrong.,751804.0,3427.0,313.0,Entertainment,2017
882,Lil Tjay - 20/20 (Official Audio),716183.0,77596.0,318.0,Music,2020
883,David Cook and David Archuleta Guitar Hero Commercials!,2911092.0,8025.0,495.0,Entertainment,2008
884,KIKESA - √Ä ma place (Clip Officiel),140480.0,12693.0,116.0,Music,2021
885,"Be√©le, Farruko - Santorini (Official Video)",7986386.0,123233.0,0.0,Music,2023
886,Babyface Ray - Count Money (Official Video) ft. Bossman Dlow,753428.0,27421.0,0.0,Music,2024
887,Dad and son love ‚ù§Ô∏è#love #cute #trendingshorts#viralvideo #viralshort #trending #trend#viralreels,21114813.0,1299490.0,0.0,People & Blogs,2024
888,attento a chi segui...,21782579.0,747033.0,0.0,People & Blogs,2024
889,Mii Channel Theme Band Prank,541067.0,8480.0,85.0,People & Blogs,2018
890,The best gymnastics of the world 1,1998858.0,1783.0,292.0,Sports,2007
891,"Behind Bars in Mumbai's Train, India üáÆüá≥",14037660.0,906485.0,0.0,People & Blogs,2023
892,Modern technology Gate In Market Available  #home  #interiordesign  #homedecor  #realestate,32574963.0,606165.0,0.0,Entertainment,2024
893,Director Explains the STUNTS in HOME ALONE #homealone #behindthescene,14392476.0,855048.0,0.0,Film & Animation,2024
894,Amore Mio,366026.0,7119.0,0.0,Music,2024
895,Cute couple #couple #cute #goals #relationship #pretty #viral #trending #kdrama #kpop #meme #memes,12557924.0,1090648.0,0.0,Gaming,2024
896,Stephen Colbert's wife cameo at her husband's Late Show!,3791687.0,25323.0,764.0,Comedy,2017
897,Foo Fighters x Rick Astley - Never Gonna Give You Up (Live @ Summer Sonic Festival 2017),2129145.0,19690.0,556.0,People & Blogs,2017
898,(THE ORIGINAL FIRST VIDEO) Hidden inappropriate drawing in Maya the Bee!,661841.0,1657.0,420.0,People & Blogs,2017
899,TwoGrandFA,770826.0,4131.0,85.0,People & Blogs,2017
900,"Neima Ezza, Simba La Rue, Nko - Spedizione punitiva (Official Video)",1788002.0,15485.0,0.0,Music,2023
901,Jay Wheeler - Historia (Official Video),8190012.0,55707.0,0.0,Music,2024
902,Policjant i pieszy Pozna≈Ñ ul:G≈Çogowska,621790.0,6221.0,240.0,Autos & Vehicles,2017
903,Donald Trump's shooter be like:,17386265.0,791687.0,0.0,Entertainment,2024
904,Expect the Unexpected  #meme #starmanmeme #starman,17657367.0,960306.0,0.0,Entertainment,2024
905,Tir d‚Äôun gros m√¢le qui charge !! #sanglier #wildboar #chasse #hunting #keiler #shoot,23024346.0,758367.0,0.0,People & Blogs,2024
906,Irie Maffia: Hands In The Air,1944899.0,5590.0,107.0,Music,2008
907,What happens when you surprise your BF with a boxer puppy?,681624.0,3157.0,36.0,People & Blogs,2013
908,–ù–ï –ü–û–í–ï–ó–õ–û - UNLUCKY,14921437.0,3604.0,1225.0,Comedy,2009
909,This is how Geert Wilders should be interviewed. For sure Dutch media can learn something from BBC,869249.0,5545.0,1970.0,People & Blogs,2017
910,–®–Ω—É—Ä - –ñ–µ—Å—Ç–æ–∫–æ–µ –∏–Ω—Ç–µ—Ä–≤—å—é,4821385.0,22694.0,2233.0,Entertainment,2007
911,mbc Í∏∞ÏûêÎì§Ïùò Íµ¥Ïöï...,957326.0,3457.0,301.0,Nonprofits & Activism,2016
912,Triple Towel vs Lover's Blanket #couple #shorts #diy,20413374.0,570322.0,0.0,People & Blogs,2024
913,She forgot about her wedding anniversaryüòÖüò≥,13177128.0,943731.0,0.0,People & Blogs,2024
914,"Chino Pacas - ""Morena Canela"" (Performance Video) (Official)",9117159.0,72130.0,0.0,Music,2024
915,Streamer‚Äôs Wholesome Reaction To Fan‚Äôs Heartbreaking Storyü•π #shorts,26100905.0,2061254.0,0.0,People & Blogs,2024
916,Î∞ïÍ∑ºÌòú ÎåÄÌÜµÎ†π ÌÉÑÌïµÏïà Í∞ÄÍ≤∞!!Ïã§ÏãúÍ∞Ñ Ïñ¥Îäê Í≥†Îì±ÌïôÍµêÏùò Ìè≠Î∞úÏ†ÅÏù∏ Î∞òÏùë!!!(Korea high schoolers react to the impeachment of president.),1703647.0,15176.0,552.0,People & Blogs,2016
917,Boomerang,3050764.0,3939.0,290.0,Comedy,2005
918,„Äê100‰∏áÂÜçÁîüÂõûÊï∞ÈÅîÊàê„Äë‚òÖÂ§ßÈò™‰∫∫Ê∞ó„Éä„É≥„Éê„Éº„ÉØ„É≥„ÅÆ„Ç®„Çπ„ÉÜ„Çµ„É≠„É≥‚òÖ1ÂàÜÈñì„Éù„É≥„Éù„É≥„Åô„Çã„Å†„Åë„ÅßÁ©∂Ê•µ„É™„Éï„Éà„Ç¢„ÉÉ„Éó,1017738.0,3326.0,2277.0,People & Blogs,2017
919,MARIA MARIAH VOC√ä N√ÉO SAI DA MINHA CABE√áA (Clipe Oficial),1820996.0,15209.0,0.0,Music,2024
920,"140"" Bushmaster tail dip",24788576.0,736584.0,0.0,People & Blogs,2024
921,Importance of hand signals while overtaking in ghats and foggy areas. #ridesafe #handsignals #bike,22826019.0,815933.0,0.0,People & Blogs,2024
922,üëÇüëÇü´° #ÿßŸÉÿ≥ÿ®ŸÑŸàÿ± #funny #cat #ÿ∂ÿ≠ŸÉ #memes #ÿØŸàŸäÿ™Ÿà #ÿ™ÿ±ŸÜÿØ #kitten #fishing #ÿ±ŸäÿßŸÉÿ¥ #shorts #short,25185099.0,684225.0,0.0,People & Blogs,2024
923,Racist Woman yelling and demanding to see a white doctor born in Canada.,1614429.0,6369.0,2096.0,Comedy,2017
924,Remember the 80's ?,3293594.0,1481.0,89.0,Comedy,2006
925,Kobe dunks over Shaq in practice (funny),12649333.0,4492.0,1247.0,Sports,2006
926,Groom forgets rings prank,2760303.0,1730.0,212.0,Entertainment,2016
927,$40 dollar poki bowl!!                    Gotta try this one #food #foodie #salmonlover,16295169.0,983740.0,0.0,People & Blogs,2025
928,Koca Kalpli ARDA G√úLER ‚ù§Ô∏è,26787697.0,634428.0,0.0,Entertainment,2024
929,think smarter not harderü§®#funnymemes #harvard #basketball #viralshorts #fyp #fyp„Ç∑„Çöviral,16126369.0,726522.0,0.0,People & Blogs,2024
930,"–•–æ–∫–∫–µ–∏—Å—Ç–∫–∏ –†–æ—Å—Å–∏–∏ –∑–∞—Å—Ç–∞–≤–∏–ª–∏ —Å–º–æ–ª–∫–Ω—É—Ç—å —Ç—Ä–∏–±—É–Ω—ã, –æ—Å–≤–∏—Å—Ç—ã–≤–∞—é—â–∏–µ —Ä–æ—Å—Å–∏–π—Å–∫–∏–π –≥–∏–º–Ω. –ñ–µ–Ω—Å–∫–∏–π –ú–ß–ú-2017.",1191850.0,7735.0,546.0,People & Blogs,2017
931,When the Cyberpunk 2077 combat music kicks in,2368634.0,127435.0,0.0,Comedy,2020
932,Tyler Childers - In Your Love (Official Video),3821851.0,95025.0,0.0,Music,2023
933,Biker gets shot at after hitting the side view mirror #shocked #reels #shorts #shortsvideo #fyp #usa,24948709.0,1050338.0,0.0,Entertainment,2024
934,üí•The best way to Discover Your Ideal Luxury Vehicle with AMIN! #car #luxurylifestyle #luxurycars,25592660.0,745991.0,0.0,People & Blogs,2024
935,NO POMEGRANATES,4648330.0,153880.0,1563.0,People & Blogs,2017
936,Jean-Claude Juncker drunk and bitch slaps leaders,2668268.0,5378.0,576.0,People & Blogs,2015
937,Lunchtime baby belly laughs,575200.0,5231.0,150.0,Entertainment,2017
938,The megalodon-World's Biggest Shark,13893527.0,8744.0,5157.0,Entertainment,2007
939,#corgi #petpet #lovepet #cutespets #cute #funny,18561383.0,681355.0,0.0,People & Blogs,2024
940,Bro wake up and choose violence üóøüíÄ||#trending #shorts,14336051.0,1077519.0,0.0,People & Blogs,2024
941,FEDERAL AGENT RUINS HIS CAREER WITH ONE CRAZY MOVE,34390670.0,1310073.0,0.0,People & Blogs,2024
942,Caroline & Bonnie save Elena once again‚ú®Ô∏è #vampirediaries #elenagilbert #ninadobrev #ian #shortsfeed,17308836.0,652646.0,0.0,People & Blogs,2024
943,Big Bang Theory - Why Sheldon does not celebrate christmas,1684744.0,4911.0,135.0,Comedy,2010
944,Why athletes should wear pants,17802747.0,2935.0,46151.0,Sports,2008
945,Sold Pupper Dance,1712611.0,38836.0,434.0,People & Blogs,2017
946,Ken Lee or Without you by Mariah Carey (ENGLISH SUBTITLES),18308842.0,28127.0,1491.0,Entertainment,2008
947,HSMFanNisa Exclusive:High School Musical 2 Song(s)With Lyric,7352624.0,2538.0,256.0,Music,2007
948,Parents attending the art show.#shorts #viralvideos #show,12386186.0,929034.0,0.0,Film & Animation,2024
949,Dexter for the Justice of his children. | Twin Tribes - Monolith (slowed + reverb),20227916.0,1285687.0,0.0,People & Blogs,2024
950,"""–ì–∏—Ç–ª–µ—Ä 1945 / –ù–∞–≤–∞–ª—å–Ω—ã–π 2018"" ‚Äî –ú–û–ñ–ï–ú –ü–û–í–¢–û–†–ò–¢–¨!",2282062.0,15180.0,178042.0,People & Blogs,2017
951,Star Wars but every time someone shoots a laser it speeds up,5535360.0,89869.0,5731.0,Film & Animation,2016
952,That awkward moment when Hugh Jackman remembers he taught you at school,6602771.0,118797.0,840.0,Entertainment,2013
953,Comedian Hits on Hecklers Girlfriend,5260834.0,6870.0,1032.0,Comedy,2007
954,2016 MAMA ÁéãÂ§ßÈô∏ Â§ßÂπ≥Âè∞,1735464.0,2708.0,4760.0,People & Blogs,2016
955,S.Pri Noir - 7 vies (Clip Officiel) ft. RK,185304.0,13026.0,111.0,Music,2021
956,r/place meteor,770494.0,26094.0,0.0,Gaming,2022
957,nE !?,1276617.0,11184.0,0.0,Music,2024
958,Ishq Hai,2821667.0,43311.0,0.0,Music,2024
959,ROSONES TITO DP,1245576.0,14025.0,0.0,Music,2024
960,Fooled them all... ü§ØüíÄ#troll #trollface #edit,22321344.0,1572540.0,0.0,Entertainment,2024
961,Cocky Fighter blinks and gets KO'd on TUF 24,3451065.0,16886.0,1227.0,Sports,2016
962,Sleeping Beauty Proposal,2419418.0,27748.0,200.0,Comedy,2020
963,Ridiculous editing,573270.0,3569.0,260.0,People & Blogs,2017
964,Proof we're getting old pt.3 üíî,27663643.0,1459636.0,0.0,Entertainment,2024
965,bro can't lose haha!.#stake  #cabrzy #roulette  #shorts #short #viral #casino #slots,14837506.0,1312159.0,0.0,People & Blogs,2024
966,Lo mas tierno de Hoy #respetoanimal #shortsviral,29166229.0,414778.0,0.0,People & Blogs,2024
967,# #foryou #movie,10184724.0,1206753.0,0.0,People & Blogs,2024
968,bro's adrenaline rushed at right time #shortsfeed #gain97 #adernaline#trending#viral #youtubeshorts,15910827.0,831070.0,0.0,Entertainment,2024
969,Kurdish KANGAL vs.American Pitbull Terrier Dog Fight 2008,8066421.0,1267.0,5689.0,Pets & Animals,2008
970,–ù–∞–ø–∞–¥–µ–Ω–∏–µ –±–∞–π–∫–µ—Ä–æ–≤ –Ω–∞ –º–∞—à–∏–Ω—É! (—Å –Ω–µ–æ–∂–∏–¥–∞–Ω–Ω—ã–º –∫–æ–Ω—Ü–æ–º!),15766889.0,15639.0,2200.0,People & Blogs,2014
971,Average Guy vs Football Players,2281850.0,12245.0,421.0,Sports,2010
972,Seth Rogen Laugh + Cantina Song = Nightmares,9244302.0,76823.0,2393.0,Entertainment,2014
973,Piccola - Piccola (Official Fan Video),1650882.0,4499.0,189.0,Music,2017
974,Kiss Guy (YAYO Sanchez) plays Monkeywrench w/ Foo Fighters Austin TX 4-18-18,5463878.0,40430.0,745.0,Music,2018
975,Dalek Relaxation Tape,1879731.0,19392.0,252.0,Entertainment,2012
976,Cat Burns - go (Lyric Video) ft. Sam Smith,772111.0,26700.0,0.0,Music,2022
977,Angry pedestrian gets instant karma,9628813.0,133087.0,4086.0,Entertainment,2017
978,ECKO - MUJER (Official Video),1611367.0,73686.0,4244.0,Unknown,2020
979,–ñ–∏–∑–Ω—å –ø–ª–∞—Å—Ç–∏–∫–æ–≤–æ–π –±—É—Ç—ã–ª–∫–∏,2061290.0,2432.0,387.0,People & Blogs,2017
980,German Shepherd suddenly realizes he is at the vet,7053186.0,71435.0,1980.0,People & Blogs,2014
981,Tafel st√ºrzt beinahe auf Dozenten | TU M√ºnchen | Elektrotechnik,2184618.0,39566.0,1147.0,People & Blogs,2017
982,DIESEL LOUIE,1605558.0,1035.0,52.0,Autos & Vehicles,2007
983,FloRida - Right Round (VinylRockerz Remix),3334348.0,3889.0,471.0,Music,2009
984,Zigle Zigle,532977.0,4213.0,0.0,Music,2024
985,Cantona VS Supporter,3694102.0,5186.0,465.0,Sports,2011
986,Popping a Balloon in an Anechoic Chamber,6356385.0,32310.0,6821.0,Science & Technology,2015
987,The Biggest Tourbillon Wristwatch - Maximus by Kerbedanz in Limited Edition,324725.0,5456.0,136.0,People & Blogs,2017
988,Star Wars Crosswalk ü¶∫ü¶∫ü¶∫,15515651.0,800567.0,0.0,Education,2024
989,Med Cezir,1184183.0,13883.0,0.0,Music,2024
990,I ate the Farburger#movie #shorts,12720992.0,1080964.0,0.0,People & Blogs,2024
991,Please tell me I did a good job ü•π‚ù§Ô∏è #art,14310073.0,801435.0,0.0,People & Blogs,2024
992,‚ÄúI know what I‚Äôm doing.‚Äù Famous last words! | #TheRookie,64992299.0,1615193.0,0.0,Film & Animation,2024
993,Samsung mocking Apple üòÇüíÄ #blowup #apple #samsung #edit,35508692.0,2324673.0,0.0,People & Blogs,2024
994,Îã§Ïù¥ÏÜåÏóêÏÑú ÏÇ∞ Ïû•ÎÇúÍ∞ê,29754253.0,960096.0,0.0,Pets & Animals,2025
995,"Rihanna ""Cry""",32695896.0,47735.0,1456.0,Music,2007
996,New Champ Kayn/Rhaast Leak for LOL (Moobeat credit me you derro),847249.0,1857.0,173.0,People & Blogs,2017
997,Ford Mustang Launch (street),1001605.0,2214.0,27.0,Autos & Vehicles,2008
998,Eminem is gay - The Interview,2718939.0,43492.0,0.0,Entertainment,2014
999,Yakuza OST - Baka Mitai („Å∞„Åã„Åø„Åü„ÅÑ) Kiryu full version,52890986.0,850425.0,0.0,Gaming,2017
1000,What a Twist #memes #shorts #movie,11637337.0,938043.0,0.0,Gaming,2024
